Workbook

Sheet 종합통계
A1: 개선 | B1: 부분개선 | C1: 변화없음 | D1: 불가 | E1: 불가(본류) | F1: 불가(조석) | G1: 총 지점수
A2: =COUNTIF(비교결과!$D$4:$D$67,종합통계!A1) -> 12 | B2: =COUNTIF(비교결과!$D$4:$D$67,종합통계!B1) -> 18 | C2: =COUNTIF(비교결과!$D$4:$D$67,종합통계!C1) -> 1 | D2: =COUNTIF(비교결과!$D$4:$D$67,종합통계!D1) -> 23 | E2: =COUNTIF(비교결과!$D$4:$D$67,종합통계!E1) -> 6 | F2: =COUNTIF(비교결과!$D$4:$D$67,종합통계!F1) -> 4 | G2: =SUM(A2:F2) -> 64

Sheet 비교결과
K1: Q Diff (%) | Z1: T Diff (min) | AD1: Q (cms)
E2: Q | G2: T | K2: 2023년 | S2: 2024년 | Z2: 2023년 | AB2: 2024년 | AD2: 보정전 | AF2: 보정후
A3: 유역 | B3: 하천 | C3: 지점 | D3: 종합판정 | E3: 2023 | F3: 2024 | G3: 2023 | H3: 2024 | I3: Peak_Obs(2023년) | J3: 보정전_Peak_Fore(2023년) | K3: 보정전_Peak_Diff(2023년) | L3: 보정후_Peak_Fore(2023년) | M3: 보정후_Peak_Diff(2023년) | N3: 보정전_Time_Diff(2023년) | O3: 보정후_Time_Diff(2023년) | P3: 개선여부(2023년) | Q3: Peak_Obs(2024년) | R3: 보정전_Peak_Fore(2024년) | S3: 보정전_Peak_Diff(2024년) | T3: 보정후_Peak_Fore(2024년) | U3: 보정후_Peak_Diff(2024년) | V3: 보정전_Time_Diff(2024년) | W3: 보정후_Time_Diff(2024년) | X3: 개선여부(2024년) | Y3: 상세내용 | Z3: 보정전 | AA3: 보정후 | AB3: 보정전 | AC3: 보정후 | AD3: 2023 | AE3: 2024 | AF3: 2023 | AG3: 2024 | AH3: Note
A4: 낙동강 | B4: 감천 | C4: 김천시(김천교) | D4: 부분개선 | E4: =IF(ABS(K4)>=ABS(M4),"O","X") -> X | F4: =IF(ABS(S4)>=ABS(U4),"O","X") -> O | G4: =IF(ABS(N4)>=ABS(O4),"O","X") -> O | H4: =IF(ABS(V4)>=ABS(W4),"O","X") -> O | I4: 383.57 | J4: 404.62 | K4: =ABS(J4-I4)/I4*100 -> 5.4879162 | L4: 233.24 | M4: =ABS(L4-I4)/I4*100 -> 39.192325 | N4: -90 | O4: -60 | P4: 부분개선 | Q4: 220.67 | R4: 489.41 | S4: =ABS(R4-Q4)/Q4*100 -> 121.78366 | T4: 241.07 | U4: =ABS(T4-Q4)/Q4*100 -> 9.2445733 | V4: -220 | W4: -160 | X4: 개선 | Y4: 한 연도 개선, 한 연도 부분개선 | Z4: =ABS(N4) -> 90 | AA4: =ABS(O4) -> 60 | AB4: =ABS(V4) -> 220 | AC4: =ABS(W4) -> 160 | AD4: =J4-I4 -> 21.05 | AE4: =R4-Q4 -> 268.74 | AF4: =L4-I4 -> -150.33 | AG4: =T4-Q4 -> 20.4
A5: 낙동강 | B5: 금천 | C5: 예천군(산양교) | D5: 개선 | E5: =IF(ABS(K5)>=ABS(M5),"O","X") -> O | F5: =IF(ABS(S5)>=ABS(U5),"O","X") -> X | G5: =IF(ABS(N5)>=ABS(O5),"O","X") -> O | H5: =IF(ABS(V5)>=ABS(W5),"O","X") -> O | I5: 748.17 | J5: 1158.72 | K5: =ABS(J5-I5)/I5*100 -> 54.873892 | L5: 1146.41 | M5: =ABS(L5-I5)/I5*100 -> 53.228544 | N5: -140 | O5: -110 | P5: 개선 | Q5: 102.08 | R5: 98.14 | S5: =ABS(R5-Q5)/Q5*100 -> 3.8597179 | T5: 97.84 | U5: =ABS(T5-Q5)/Q5*100 -> 4.153605 | V5: -70 | W5: -30 | X5: 부분개선 | Y5: 한 연도 개선, 한 연도 부분개선 | Z5: =ABS(N5) -> 140 | AA5: =ABS(O5) -> 110 | AB5: =ABS(V5) -> 70 | AC5: =ABS(W5) -> 30 | AD5: =J5-I5 -> 410.55 | AE5: =R5-Q5 -> -3.94 | AF5: =L5-I5 -> 398.24 | AG5: =T5-Q5 -> -4.24
A6: 낙동강 | B6: 금호강 | C6: 대구시(신암동) | D6: 불가 | E6: =IF(ABS(K6)>=ABS(M6),"O","X") -> X | F6: =IF(ABS(S6)>=ABS(U6),"O","X") -> O | G6: =IF(ABS(N6)>=ABS(O6),"O","X") -> O | H6: =IF(ABS(V6)>=ABS(W6),"O","X") -> X | I6: 1608.74 | J6: 1443.98 | K6: =ABS(J6-I6)/I6*100 -> 10.241556 | L6: 1197.42 | M6: =ABS(L6-I6)/I6*100 -> 25.567836 | N6: -280 | O6: -280 | P6: 불가 | Q6: 165.74 | R6: 897.09 | S6: =ABS(R6-Q6)/Q6*100 -> 441.26342 | T6: 655.52 | U6: =ABS(T6-Q6)/Q6*100 -> 295.51104 | V6: 210 | W6: 270 | X6: 부분개선 | Y6: 2023년: 불가, 2024년: 부분개선 | Z6: =ABS(N6) -> 280 | AA6: =ABS(O6) -> 280 | AB6: =ABS(V6) -> 210 | AC6: =ABS(W6) -> 270 | AD6: =J6-I6 -> -164.76 | AE6: =R6-Q6 -> 731.35 | AF6: =L6-I6 -> -411.32 | AG6: =T6-Q6 -> 489.78 | AH6: 이상치/결측치
A7: 낙동강 | B7: 금호강 | C7: 영천시(금창교) | D7: 불가 | E7: =IF(ABS(K7)>=ABS(M7),"O","X") -> X | F7: =IF(ABS(S7)>=ABS(U7),"O","X") -> X | G7: =IF(ABS(N7)>=ABS(O7),"O","X") -> X | H7: =IF(ABS(V7)>=ABS(W7),"O","X") -> X | I7: 1184.60 | J7: 923.23 | K7: =ABS(J7-I7)/I7*100 -> 22.063988 | L7: 826.52 | M7: =ABS(L7-I7)/I7*100 -> 30.227925 | N7: -40 | O7: -50 | P7: 불가 | Q7: 396.00 | R7: 387.57 | S7: =ABS(R7-Q7)/Q7*100 -> 2.1287879 | T7: 369.72 | U7: =ABS(T7-Q7)/Q7*100 -> 6.6363636 | V7: -580 | W7: -590 | X7: 불가 | Y7: 2023년: 불가, 2024년: 불가 | Z7: =ABS(N7) -> 40 | AA7: =ABS(O7) -> 50 | AB7: =ABS(V7) -> 580 | AC7: =ABS(W7) -> 590 | AD7: =J7-I7 -> -261.37 | AE7: =R7-Q7 -> -8.43 | AF7: =L7-I7 -> -358.08 | AG7: =T7-Q7 -> -26.28 | AH7: 수위-유량 곡선
A8: 낙동강 | B8: 금호강 | C8: 영천시(영동교) | D8: 불가 | E8: =IF(ABS(K8)>=ABS(M8),"O","X") -> X | F8: =IF(ABS(S8)>=ABS(U8),"O","X") -> O | G8: =IF(ABS(N8)>=ABS(O8),"O","X") -> O | H8: =IF(ABS(V8)>=ABS(W8),"O","X") -> O | I8: 603.69 | J8: 418.76 | K8: =ABS(J8-I8)/I8*100 -> 30.633272 | L8: 340.30 | M8: =ABS(L8-I8)/I8*100 -> 43.630009 | N8: 120 | O8: -50 | P8: 부분개선 | Q8: 8.89 | R8: 92.41 | S8: =ABS(R8-Q8)/Q8*100 -> 939.48256 | T8: 44.08 | U8: =ABS(T8-Q8)/Q8*100 -> 395.83802 | V8: 14570 | W8: 14140 | X8: 개선 | Y8: 한 연도 개선, 한 연도 부분개선 | Z8: =ABS(N8) -> 120 | AA8: =ABS(O8) -> 50 | AB8: =ABS(V8) -> 14570 | AC8: =ABS(W8) -> 14140 | AD8: =J8-I8 -> -184.93 | AE8: =R8-Q8 -> 83.52 | AF8: =L8-I8 -> -263.39 | AG8: =T8-Q8 -> 35.19 | AH8: 보운영
A9: 낙동강 | B9: 길안천 | C9: 안동시(묵계교) | D9: 개선 | E9: =IF(ABS(K9)>=ABS(M9),"O","X") -> O | F9: =IF(ABS(S9)>=ABS(U9),"O","X") -> O | G9: =IF(ABS(N9)>=ABS(O9),"O","X") -> O | H9: =IF(ABS(V9)>=ABS(W9),"O","X") -> O | I9: 732.24 | J9: 1061.86 | K9: =ABS(J9-I9)/I9*100 -> 45.015296 | L9: 734.45 | M9: =ABS(L9-I9)/I9*100 -> 0.30181361 | N9: -170 | O9: 60 | P9: 개선 | Q9: 595.05 | R9: 821.83 | S9: =ABS(R9-Q9)/Q9*100 -> 38.111083 | T9: 615.88 | U9: =ABS(T9-Q9)/Q9*100 -> 3.5005462 | V9: -80 | W9: -40 | X9: 개선 | Y9: 2023, 2024 모두 개선 | Z9: =ABS(N9) -> 170 | AA9: =ABS(O9) -> 60 | AB9: =ABS(V9) -> 80 | AC9: =ABS(W9) -> 40 | AD9: =J9-I9 -> 329.62 | AE9: =R9-Q9 -> 226.78 | AF9: =L9-I9 -> 2.21 | AG9: =T9-Q9 -> 20.83
A10: 낙동강 | B10: 낙동강 | C10: 대구시(성하리) | D10: 불가(본류) | E10: =IF(ABS(K10)>=ABS(M10),"O","X") -> O | F10: =IF(ABS(S10)>=ABS(U10),"O","X") -> O | G10: =IF(ABS(N10)>=ABS(O10),"O","X") -> X | H10: =IF(ABS(V10)>=ABS(W10),"O","X") -> O | I10: 8906.62 | J10: 11891.00 | K10: =ABS(J10-I10)/I10*100 -> 33.507436 | L10: 10729.75 | M10: =ABS(L10-I10)/I10*100 -> 20.469381 | N10: 3910 | O10: 3960 | P10: 부분개선 | Q10: 3767.40 | R10: 7779.58 | S10: =ABS(R10-Q10)/Q10*100 -> 106.49732 | T10: 6945.89 | U10: =ABS(T10-Q10)/Q10*100 -> 84.368265 | V10: -1120 | W10: -1110 | X10: 개선 | Y10: 조정제외(낙동강본류) | Z10: =ABS(N10) -> 3910 | AA10: =ABS(O10) -> 3960 | AB10: =ABS(V10) -> 1120 | AC10: =ABS(W10) -> 1110 | AD10: =J10-I10 -> 2984.38 | AE10: =R10-Q10 -> 4012.18 | AF10: =L10-I10 -> 1823.13 | AG10: =T10-Q10 -> 3178.49 | AH10: 본류(보운영)
A11: 낙동강 | B11: 낙동강 | C11: 밀양시(삼랑진교) | D11: 불가(본류) | E11: =IF(ABS(K11)>=ABS(M11),"O","X") -> O | F11: =IF(ABS(S11)>=ABS(U11),"O","X") -> O | G11: =IF(ABS(N11)>=ABS(O11),"O","X") -> O | H11: =IF(ABS(V11)>=ABS(W11),"O","X") -> O | I11: 8791.78 | J11: 19819.79 | K11: =ABS(J11-I11)/I11*100 -> 125.43546 | L11: 17073.09 | M11: =ABS(L11-I11)/I11*100 -> 94.193781 | N11: 2350 | O11: 2340 | P11: 개선 | Q11: 5976.70 | R11: 13951.47 | S11: =ABS(R11-Q11)/Q11*100 -> 133.43099 | T11: 11927.53 | U11: =ABS(T11-Q11)/Q11*100 -> 99.567152 | V11: -1100 | W11: -1090 | X11: 개선 | Y11: 조정제외(낙동강본류) | Z11: =ABS(N11) -> 2350 | AA11: =ABS(O11) -> 2340 | AB11: =ABS(V11) -> 1100 | AC11: =ABS(W11) -> 1090 | AD11: =J11-I11 -> 11028.01 | AE11: =R11-Q11 -> 7974.77 | AF11: =L11-I11 -> 8281.31 | AG11: =T11-Q11 -> 5950.83 | AH11: 본류(보운영)
A12: 낙동강 | B12: 낙동강 | C12: 봉화군(분천교) | D12: 부분개선 | E12: =IF(ABS(K12)>=ABS(M12),"O","X") -> O | F12: =IF(ABS(S12)>=ABS(U12),"O","X") -> O | G12: =IF(ABS(N12)>=ABS(O12),"O","X") -> O | H12: =IF(ABS(V12)>=ABS(W12),"O","X") -> O | I12: 953.21 | J12: 1541.97 | K12: =ABS(J12-I12)/I12*100 -> 61.766033 | L12: 1118.51 | M12: =ABS(L12-I12)/I12*100 -> 17.341404 | N12: -320 | O12: -290 | P12: 개선 | Q12: 448.13 | R12: 742.58 | S12: =ABS(R12-Q12)/Q12*100 -> 65.70638 | T12: 457.47 | U12: =ABS(T12-Q12)/Q12*100 -> 2.0842166 | V12: -250 | W12: -210 | X12: 개선 | Y12: 2023, 2024 모두 개선 | Z12: =ABS(N12) -> 320 | AA12: =ABS(O12) -> 290 | AB12: =ABS(V12) -> 250 | AC12: =ABS(W12) -> 210 | AD12: =J12-I12 -> 588.76 | AE12: =R12-Q12 -> 294.45 | AF12: =L12-I12 -> 165.3 | AG12: =T12-Q12 -> 9.34
A13: 낙동강 | B13: 낙동강 | C13: 부산시(구포대교) | D13: 불가(조석) | E13: =IF(ABS(K13)>=ABS(M13),"O","X") -> O | F13: =IF(ABS(S13)>=ABS(U13),"O","X") -> O | G13: =IF(ABS(N13)>=ABS(O13),"O","X") -> O | H13: =IF(ABS(V13)>=ABS(W13),"O","X") -> O | I13: 8684.15 | J13: 20731.42 | K13: =ABS(J13-I13)/I13*100 -> 138.72711 | L13: 17956.73 | M13: =ABS(L13-I13)/I13*100 -> 106.77591 | N13: 2780 | O13: 2770 | P13: 개선 | Q13: 7244.71 | R13: 15745.42 | S13: =ABS(R13-Q13)/Q13*100 -> 117.33679 | T13: 13715.59 | U13: =ABS(T13-Q13)/Q13*100 -> 89.318689 | V13: -940 | W13: -930 | X13: 개선 | Y13: 조정제외(조석영향) | Z13: =ABS(N13) -> 2780 | AA13: =ABS(O13) -> 2770 | AB13: =ABS(V13) -> 940 | AC13: =ABS(W13) -> 930 | AD13: =J13-I13 -> 12047.27 | AE13: =R13-Q13 -> 8500.71 | AF13: =L13-I13 -> 9272.58 | AG13: =T13-Q13 -> 6470.88 | AH13: 조석
A14: 낙동강 | B14: 낙동강 | C14: 예천군(구담교) | D14: 불가 | E14: =IF(ABS(K14)>=ABS(M14),"O","X") -> X | F14: =IF(ABS(S14)>=ABS(U14),"O","X") -> X | G14: =IF(ABS(N14)>=ABS(O14),"O","X") -> X | H14: =IF(ABS(V14)>=ABS(W14),"O","X") -> O | I14: 3471.54 | J14: 3019.53 | K14: =ABS(J14-I14)/I14*100 -> 13.020446 | L14: 2713.49 | M14: =ABS(L14-I14)/I14*100 -> 21.83613 | N14: 3560 | O14: 3580 | P14: 불가 | Q14: 1494.29 | R14: 1587.98 | S14: =ABS(R14-Q14)/Q14*100 -> 6.2698673 | T14: 1368.59 | U14: =ABS(T14-Q14)/Q14*100 -> 8.4120218 | V14: -740 | W14: -680 | X14: 부분개선 | Y14: 2023년: 불가, 2024년: 부분개선 | Z14: =ABS(N14) -> 3560 | AA14: =ABS(O14) -> 3580 | AB14: =ABS(V14) -> 740 | AC14: =ABS(W14) -> 680 | AD14: =J14-I14 -> -452.01 | AE14: =R14-Q14 -> 93.69 | AF14: =L14-I14 -> -758.05 | AG14: =T14-Q14 -> -125.7 | AH14: 수위-유량 곡선
A15: 낙동강 | B15: 낙동강 | C15: 예천군(상풍교) | D15: 불가 | E15: =IF(ABS(K15)>=ABS(M15),"O","X") -> O | F15: =IF(ABS(S15)>=ABS(U15),"O","X") -> O | G15: =IF(ABS(N15)>=ABS(O15),"O","X") -> O | H15: =IF(ABS(V15)>=ABS(W15),"O","X") -> O | I15: 7887.18 | J15: 8818.24 | K15: =ABS(J15-I15)/I15*100 -> 11.804726 | L15: 8125.72 | M15: =ABS(L15-I15)/I15*100 -> 3.0244016 | N15: -280 | O15: -270 | P15: 개선 | Q15: 2130.66 | R15: 3449.89 | S15: =ABS(R15-Q15)/Q15*100 -> 61.916495 | T15: 2939.62 | U15: =ABS(T15-Q15)/Q15*100 -> 37.967578 | V15: -920 | W15: -870 | X15: 개선 | Y15: 2023, 2024 모두 개선 | Z15: =ABS(N15) -> 280 | AA15: =ABS(O15) -> 270 | AB15: =ABS(V15) -> 920 | AC15: =ABS(W15) -> 870 | AD15: =J15-I15 -> 931.06 | AE15: =R15-Q15 -> 1319.23 | AF15: =L15-I15 -> 238.54 | AG15: =T15-Q15 -> 808.96 | AH15: 댐운영
A16: 낙동강 | B16: 낙동강 | C16: 의성군(낙단교) | D16: 불가(본류) | E16: =IF(ABS(K16)>=ABS(M16),"O","X") -> O | F16: =IF(ABS(S16)>=ABS(U16),"O","X") -> O | G16: =IF(ABS(N16)>=ABS(O16),"O","X") -> O | H16: =IF(ABS(V16)>=ABS(W16),"O","X") -> O | I16: 7836.36 | J16: 9613.39 | K16: =ABS(J16-I16)/I16*100 -> 22.676727 | L16: 8897.37 | M16: =ABS(L16-I16)/I16*100 -> 13.539577 | N16: -480 | O16: -460 | P16: 개선 | Q16: 3272.73 | R16: 5093.54 | S16: =ABS(R16-Q16)/Q16*100 -> 55.635815 | T16: 4473.67 | U16: =ABS(T16-Q16)/Q16*100 -> 36.695358 | V16: -1060 | W16: -1040 | X16: 개선 | Y16: 조정제외(낙동강본류) | Z16: =ABS(N16) -> 480 | AA16: =ABS(O16) -> 460 | AB16: =ABS(V16) -> 1060 | AC16: =ABS(W16) -> 1040 | AD16: =J16-I16 -> 1777.03 | AE16: =R16-Q16 -> 1820.81 | AF16: =L16-I16 -> 1061.01 | AG16: =T16-Q16 -> 1200.94 | AH16: 본류(보운영)
A17: 낙동강 | B17: 낙동강 | C17: 칠곡군(호국의다리) | D17: 불가(본류) | E17: =IF(ABS(K17)>=ABS(M17),"O","X") -> O | F17: =IF(ABS(S17)>=ABS(U17),"O","X") -> O | G17: =IF(ABS(N17)>=ABS(O17),"O","X") -> O | H17: =IF(ABS(V17)>=ABS(W17),"O","X") -> O | I17: 8154.59 | J17: 9881.17 | K17: =ABS(J17-I17)/I17*100 -> 21.173106 | L17: 9166.36 | M17: =ABS(L17-I17)/I17*100 -> 12.407368 | N17: -920 | O17: -910 | P17: 개선 | Q17: 2578.70 | R17: 6152.50 | S17: =ABS(R17-Q17)/Q17*100 -> 138.58921 | T17: 5473.97 | U17: =ABS(T17-Q17)/Q17*100 -> 112.27634 | V17: -260 | W17: -240 | X17: 개선 | Y17: 조정제외(낙동강본류) | Z17: =ABS(N17) -> 920 | AA17: =ABS(O17) -> 910 | AB17: =ABS(V17) -> 260 | AC17: =ABS(W17) -> 240 | AD17: =J17-I17 -> 1726.58 | AE17: =R17-Q17 -> 3573.8 | AF17: =L17-I17 -> 1011.77 | AG17: =T17-Q17 -> 2895.27 | AH17: 본류(보운영)
A18: 낙동강 | B18: 낙동강 | C18: 함안군(계내리) | D18: 불가(본류) | E18: =IF(ABS(K18)>=ABS(M18),"O","X") -> O | F18: =IF(ABS(S18)>=ABS(U18),"O","X") -> O | G18: =IF(ABS(N18)>=ABS(O18),"O","X") -> X | H18: =IF(ABS(V18)>=ABS(W18),"O","X") -> O | I18: 7401.19 | J18: 17401.06 | K18: =ABS(J18-I18)/I18*100 -> 135.11165 | L18: 15022.02 | M18: =ABS(L18-I18)/I18*100 -> 102.96763 | N18: 3200 | O18: 3220 | P18: 부분개선 | Q18: 5072.42 | R18: 11217.18 | S18: =ABS(R18-Q18)/Q18*100 -> 121.1406 | T18: 9500.16 | U18: =ABS(T18-Q18)/Q18*100 -> 87.290485 | V18: -1260 | W18: -1250 | X18: 개선 | Y18: 조정제외(낙동강본류) | Z18: =ABS(N18) -> 3200 | AA18: =ABS(O18) -> 3220 | AB18: =ABS(V18) -> 1260 | AC18: =ABS(W18) -> 1250 | AD18: =J18-I18 -> 9999.87 | AE18: =R18-Q18 -> 6144.76 | AF18: =L18-I18 -> 7620.83 | AG18: =T18-Q18 -> 4427.74 | AH18: 본류(보운영)
A19: 낙동강 | B19: 낙동강 | C19: 합천군(적포교) | D19: 불가(본류) | E19: =IF(ABS(K19)>=ABS(M19),"O","X") -> O | F19: =IF(ABS(S19)>=ABS(U19),"O","X") -> O | G19: =IF(ABS(N19)>=ABS(O19),"O","X") -> X | H19: =IF(ABS(V19)>=ABS(W19),"O","X") -> O | I19: 8244.56 | J19: 14999.14 | K19: =ABS(J19-I19)/I19*100 -> 81.92772 | L19: 12920.78 | M19: =ABS(L19-I19)/I19*100 -> 56.718855 | N19: 3610 | O19: 3620 | P19: 부분개선 | Q19: 4563.87 | R19: 8647.73 | S19: =ABS(R19-Q19)/Q19*100 -> 89.482391 | T19: 7615.15 | U19: =ABS(T19-Q19)/Q19*100 -> 66.857294 | V19: -1280 | W19: -1270 | X19: 개선 | Y19: 조정제외(낙동강본류) | Z19: =ABS(N19) -> 3610 | AA19: =ABS(O19) -> 3620 | AB19: =ABS(V19) -> 1280 | AC19: =ABS(W19) -> 1270 | AD19: =J19-I19 -> 6754.58 | AE19: =R19-Q19 -> 4083.86 | AF19: =L19-I19 -> 4676.22 | AG19: =T19-Q19 -> 3051.28 | AH19: 본류(보운영)
A20: 낙동강 | B20: 남강 | C20: 산청군(경호교) | D20: 불가 | E20: =IF(ABS(K20)>=ABS(M20),"O","X") -> X | F20: =IF(ABS(S20)>=ABS(U20),"O","X") -> X | G20: =IF(ABS(N20)>=ABS(O20),"O","X") -> O | H20: =IF(ABS(V20)>=ABS(W20),"O","X") -> O | I20: 2316.51 | J20: 2011.40 | K20: =ABS(J20-I20)/I20*100 -> 13.171107 | L20: 1949.99 | M20: =ABS(L20-I20)/I20*100 -> 15.822077 | N20: -150 | O20: -130 | P20: 부분개선 | Q20: 701.22 | R20: 737.60 | S20: =ABS(R20-Q20)/Q20*100 -> 5.1881007 | T20: 741.96 | U20: =ABS(T20-Q20)/Q20*100 -> 5.8098742 | V20: -400 | W20: -400 | X20: 불가 | Y20: 2023년: 부분개선, 2024년: 불가 | Z20: =ABS(N20) -> 150 | AA20: =ABS(O20) -> 130 | AB20: =ABS(V20) -> 400 | AC20: =ABS(W20) -> 400 | AD20: =J20-I20 -> -305.11 | AE20: =R20-Q20 -> 36.38 | AF20: =L20-I20 -> -366.52 | AG20: =T20-Q20 -> 40.74 | AH20: 수위-유량 곡선
A21: 낙동강 | B21: 남강 | C21: 의령군(정암교) | D21: 부분개선 | E21: =IF(ABS(K21)>=ABS(M21),"O","X") -> O | F21: =IF(ABS(S21)>=ABS(U21),"O","X") -> O | G21: =IF(ABS(N21)>=ABS(O21),"O","X") -> O | H21: =IF(ABS(V21)>=ABS(W21),"O","X") -> O | I21: 1337.33 | J21: 1907.98 | K21: =ABS(J21-I21)/I21*100 -> 42.670844 | L21: 1408.29 | M21: =ABS(L21-I21)/I21*100 -> 5.306095 | N21: -500 | O21: -500 | P21: 부분개선 | Q21: 1387.55 | R21: 2565.36 | S21: =ABS(R21-Q21)/Q21*100 -> 84.884148 | T21: 1713.74 | U21: =ABS(T21-Q21)/Q21*100 -> 23.508342 | V21: -430 | W21: -420 | X21: 개선 | Y21: 한 연도 개선, 한 연도 부분개선 | Z21: =ABS(N21) -> 500 | AA21: =ABS(O21) -> 500 | AB21: =ABS(V21) -> 430 | AC21: =ABS(W21) -> 420 | AD21: =J21-I21 -> 570.65 | AE21: =R21-Q21 -> 1177.81 | AF21: =L21-I21 -> 70.96 | AG21: =T21-Q21 -> 326.19
A22: 낙동강 | B22: 남강 | C22: 함양군(안의교) | D22: 불가 | E22: =IF(ABS(K22)>=ABS(M22),"O","X") -> O | F22: =IF(ABS(S22)>=ABS(U22),"O","X") -> #DIV/0! | G22: =IF(ABS(N22)>=ABS(O22),"O","X") -> O | H22: =IF(ABS(V22)>=ABS(W22),"O","X") -> O | I22: 45.44 | J22: 296.12 | K22: =ABS(J22-I22)/I22*100 -> 551.67254 | L22: 296.12 | M22: =ABS(L22-I22)/I22*100 -> 551.67254 | N22: 11690 | O22: 11690 | P22: 변화없음 | Q22: 0.00 | R22: 235.53 | S22: =ABS(R22-Q22)/Q22*100 -> #DIV/0! | T22: 235.53 | U22: =ABS(T22-Q22)/Q22*100 -> #DIV/0! | V22: 22400 | W22: 22400 | X22: 불가 | Y22: 2023년: 변화없음, 2024년: 불가 | Z22: =ABS(N22) -> 11690 | AA22: =ABS(O22) -> 11690 | AB22: =ABS(V22) -> 22400 | AC22: =ABS(W22) -> 22400 | AD22: =J22-I22 -> 250.68 | AE22: =R22-Q22 -> 235.53 | AF22: =L22-I22 -> 250.68 | AG22: =T22-Q22 -> 235.53 | AH22: 이상치/결측치
A23: 낙동강 | B23: 내성천 | C23: 봉화군(봉화대교) | D23: 불가 | E23: =IF(ABS(K23)>=ABS(M23),"O","X") -> X | F23: =IF(ABS(S23)>=ABS(U23),"O","X") -> O | G23: =IF(ABS(N23)>=ABS(O23),"O","X") -> O | H23: =IF(ABS(V23)>=ABS(W23),"O","X") -> O | I23: 851.51 | J23: 548.63 | K23: =ABS(J23-I23)/I23*100 -> 35.569753 | L23: 525.66 | M23: =ABS(L23-I23)/I23*100 -> 38.267313 | N23: -70 | O23: -70 | P23: 불가 | Q23: 60.08 | R23: 123.00 | S23: =ABS(R23-Q23)/Q23*100 -> 104.72703 | T23: 113.75 | U23: =ABS(T23-Q23)/Q23*100 -> 89.330892 | V23: -30 | W23: -20 | X23: 개선 | Y23: 2023년: 불가, 2024년: 개선 | Z23: =ABS(N23) -> 70 | AA23: =ABS(O23) -> 70 | AB23: =ABS(V23) -> 30 | AC23: =ABS(W23) -> 20 | AD23: =J23-I23 -> -302.88 | AE23: =R23-Q23 -> 62.92 | AF23: =L23-I23 -> -325.85 | AG23: =T23-Q23 -> 53.67 | AH23: 수위-유량 곡선
A24: 낙동강 | B24: 내성천 | C24: 예천군(회룡교) | D24: 부분개선 | E24: =IF(ABS(K24)>=ABS(M24),"O","X") -> O | F24: =IF(ABS(S24)>=ABS(U24),"O","X") -> O | G24: =IF(ABS(N24)>=ABS(O24),"O","X") -> O | H24: =IF(ABS(V24)>=ABS(W24),"O","X") -> O | I24: 3016.21 | J24: 3598.49 | K24: =ABS(J24-I24)/I24*100 -> 19.305022 | L24: 3015.01 | M24: =ABS(L24-I24)/I24*100 -> 0.039785028 | N24: -210 | O24: -190 | P24: 개선 | Q24: 388.09 | R24: 708.05 | S24: =ABS(R24-Q24)/Q24*100 -> 82.444794 | T24: 499.52 | U24: =ABS(T24-Q24)/Q24*100 -> 28.712412 | V24: -840 | W24: -560 | X24: 개선 | Y24: 2023, 2024 모두 개선 | Z24: =ABS(N24) -> 210 | AA24: =ABS(O24) -> 190 | AB24: =ABS(V24) -> 840 | AC24: =ABS(W24) -> 560 | AD24: =J24-I24 -> 582.28 | AE24: =R24-Q24 -> 319.96 | AF24: =L24-I24 -> -1.2 | AG24: =T24-Q24 -> 111.43
A25: 낙동강 | B25: 단장천 | C25: 밀양시(금곡리) | D25: 개선 | E25: =IF(ABS(K25)>=ABS(M25),"O","X") -> O | F25: =IF(ABS(S25)>=ABS(U25),"O","X") -> O | G25: =IF(ABS(N25)>=ABS(O25),"O","X") -> O | H25: =IF(ABS(V25)>=ABS(W25),"O","X") -> O | I25: 255.34 | J25: 535.41 | K25: =ABS(J25-I25)/I25*100 -> 109.68513 | L25: 214.44 | M25: =ABS(L25-I25)/I25*100 -> 16.017859 | N25: -2680 | O25: -60 | P25: 개선 | Q25: 200.12 | R25: 490.55 | S25: =ABS(R25-Q25)/Q25*100 -> 145.12792 | T25: 215.48 | U25: =ABS(T25-Q25)/Q25*100 -> 7.6753948 | V25: -150 | W25: -30 | X25: 개선 | Y25: 2023, 2024 모두 개선 | Z25: =ABS(N25) -> 2680 | AA25: =ABS(O25) -> 60 | AB25: =ABS(V25) -> 150 | AC25: =ABS(W25) -> 30 | AD25: =J25-I25 -> 280.07 | AE25: =R25-Q25 -> 290.43 | AF25: =L25-I25 -> -40.9 | AG25: =T25-Q25 -> 15.36
A26: 낙동강 | B26: 동창천 | C26: 청도군(매전교) | D26: 불가 | E26: =IF(ABS(K26)>=ABS(M26),"O","X") -> O | F26: =IF(ABS(S26)>=ABS(U26),"O","X") -> O | G26: =IF(ABS(N26)>=ABS(O26),"O","X") -> X | H26: =IF(ABS(V26)>=ABS(W26),"O","X") -> O | I26: 1309.23 | J26: 134.90 | K26: =ABS(J26-I26)/I26*100 -> 89.696234 | L26: 165.30 | M26: =ABS(L26-I26)/I26*100 -> 87.374258 | N26: -160 | O26: -170 | P26: 부분개선 | Q26: 1212.63 | R26: 106.27 | S26: =ABS(R26-Q26)/Q26*100 -> 91.236404 | T26: 117.72 | U26: =ABS(T26-Q26)/Q26*100 -> 90.292175 | V26: -160 | W26: -140 | X26: 개선 | Y26: 한 연도 개선, 한 연도 부분개선 | Z26: =ABS(N26) -> 160 | AA26: =ABS(O26) -> 170 | AB26: =ABS(V26) -> 160 | AC26: =ABS(W26) -> 140 | AD26: =J26-I26 -> -1174.33 | AE26: =R26-Q26 -> -1106.36 | AF26: =L26-I26 -> -1143.93 | AG26: =T26-Q26 -> -1094.91 | AH26: 모형
A27: 낙동강 | B27: 미천 | C27: 안동시(운산리) | D27: 부분개선 | E27: =IF(ABS(K27)>=ABS(M27),"O","X") -> X | F27: =IF(ABS(S27)>=ABS(U27),"O","X") -> O | G27: =IF(ABS(N27)>=ABS(O27),"O","X") -> X | H27: =IF(ABS(V27)>=ABS(W27),"O","X") -> X | I27: 654.42 | J27: 283.00 | K27: =ABS(J27-I27)/I27*100 -> 56.7556 | L27: 175.58 | M27: =ABS(L27-I27)/I27*100 -> 73.170135 | N27: -20 | O27: 80 | P27: 불가 | Q27: 209.48 | R27: 320.85 | S27: =ABS(R27-Q27)/Q27*100 -> 53.16498 | T27: 235.29 | U27: =ABS(T27-Q27)/Q27*100 -> 12.320985 | V27: 40 | W27: 80 | X27: 부분개선 | Y27: 2023년: 불가, 2024년: 부분개선 | Z27: =ABS(N27) -> 20 | AA27: =ABS(O27) -> 80 | AB27: =ABS(V27) -> 40 | AC27: =ABS(W27) -> 80 | AD27: =J27-I27 -> -371.42 | AE27: =R27-Q27 -> 111.37 | AF27: =L27-I27 -> -478.84 | AG27: =T27-Q27 -> 25.81
A28: 낙동강 | B28: 밀양강 | C28: 밀양시(용평동) | D28: 부분개선 | E28: =IF(ABS(K28)>=ABS(M28),"O","X") -> X | F28: =IF(ABS(S28)>=ABS(U28),"O","X") -> O | G28: =IF(ABS(N28)>=ABS(O28),"O","X") -> O | H28: =IF(ABS(V28)>=ABS(W28),"O","X") -> O | I28: 1202.80 | J28: 1386.87 | K28: =ABS(J28-I28)/I28*100 -> 15.303459 | L28: 937.54 | M28: =ABS(L28-I28)/I28*100 -> 22.053542 | N28: 140 | O28: 0 | P28: 부분개선 | Q28: 535.41 | R28: 1050.99 | S28: =ABS(R28-Q28)/Q28*100 -> 96.296296 | T28: 608.34 | U28: =ABS(T28-Q28)/Q28*100 -> 13.621337 | V28: -130 | W28: -50 | X28: 개선 | Y28: 한 연도 개선, 한 연도 부분개선 | Z28: =ABS(N28) -> 140 | AA28: =ABS(O28) -> 0 | AB28: =ABS(V28) -> 130 | AC28: =ABS(W28) -> 50 | AD28: =J28-I28 -> 184.07 | AE28: =R28-Q28 -> 515.58 | AF28: =L28-I28 -> -265.26 | AG28: =T28-Q28 -> 72.93
A29: 낙동강 | B29: 반변천 | C29: 영양군(청암교) | D29: 부분개선 | E29: =IF(ABS(K29)>=ABS(M29),"O","X") -> O | F29: =IF(ABS(S29)>=ABS(U29),"O","X") -> O | G29: =IF(ABS(N29)>=ABS(O29),"O","X") -> X | H29: =IF(ABS(V29)>=ABS(W29),"O","X") -> O | I29: 920.75 | J29: 1226.01 | K29: =ABS(J29-I29)/I29*100 -> 33.153408 | L29: 962.49 | M29: =ABS(L29-I29)/I29*100 -> 4.5332609 | N29: -30 | O29: 80 | P29: 부분개선 | Q29: 278.72 | R29: 348.12 | S29: =ABS(R29-Q29)/Q29*100 -> 24.899541 | T29: 294.48 | U29: =ABS(T29-Q29)/Q29*100 -> 5.6544202 | V29: -150 | W29: -30 | X29: 개선 | Y29: 한 연도 개선, 한 연도 부분개선 | Z29: =ABS(N29) -> 30 | AA29: =ABS(O29) -> 80 | AB29: =ABS(V29) -> 150 | AC29: =ABS(W29) -> 30 | AD29: =J29-I29 -> 305.26 | AE29: =R29-Q29 -> 69.4 | AF29: =L29-I29 -> 41.74 | AG29: =T29-Q29 -> 15.76
A30: 낙동강 | B30: 병성천 | C30: 상주시(화계교) | D30: 부분개선 | E30: =IF(ABS(K30)>=ABS(M30),"O","X") -> X | F30: =IF(ABS(S30)>=ABS(U30),"O","X") -> O | G30: =IF(ABS(N30)>=ABS(O30),"O","X") -> X | H30: =IF(ABS(V30)>=ABS(W30),"O","X") -> O | I30: 207.23 | J30: 166.95 | K30: =ABS(J30-I30)/I30*100 -> 19.43734 | L30: 146.44 | M30: =ABS(L30-I30)/I30*100 -> 29.334556 | N30: 50 | O30: 60 | P30: 불가 | Q30: 144.94 | R30: 176.52 | S30: =ABS(R30-Q30)/Q30*100 -> 21.788326 | T30: 159.09 | U30: =ABS(T30-Q30)/Q30*100 -> 9.7626604 | V30: 130 | W30: 130 | X30: 부분개선 | Y30: 2023년: 불가, 2024년: 부분개선 | Z30: =ABS(N30) -> 50 | AA30: =ABS(O30) -> 60 | AB30: =ABS(V30) -> 130 | AC30: =ABS(W30) -> 130 | AD30: =J30-I30 -> -40.28 | AE30: =R30-Q30 -> 31.58 | AF30: =L30-I30 -> -60.79 | AG30: =T30-Q30 -> 14.15
A31: 낙동강 | B31: 북천 | C31: 상주시(후천교) | D31: 개선 | E31: =IF(ABS(K31)>=ABS(M31),"O","X") -> O | F31: =IF(ABS(S31)>=ABS(U31),"O","X") -> O | G31: =IF(ABS(N31)>=ABS(O31),"O","X") -> O | H31: =IF(ABS(V31)>=ABS(W31),"O","X") -> O | I31: 350.67 | J31: 228.44 | K31: =ABS(J31-I31)/I31*100 -> 34.856133 | L31: 239.01 | M31: =ABS(L31-I31)/I31*100 -> 31.841903 | N31: 150 | O31: -50 | P31: 개선 | Q31: 167.93 | R31: 149.99 | S31: =ABS(R31-Q31)/Q31*100 -> 10.683023 | T31: 162.39 | U31: =ABS(T31-Q31)/Q31*100 -> 3.2989936 | V31: -10 | W31: -10 | X31: 부분개선 | Y31: 한 연도 개선, 한 연도 부분개선 | Z31: =ABS(N31) -> 150 | AA31: =ABS(O31) -> 50 | AB31: =ABS(V31) -> 10 | AC31: =ABS(W31) -> 10 | AD31: =J31-I31 -> -122.23 | AE31: =R31-Q31 -> -17.94 | AF31: =L31-I31 -> -111.66 | AG31: =T31-Q31 -> -5.54
A32: 낙동강 | B32: 서천 | C32: 영주시(월호교) | D32: 부분개선 | E32: =IF(ABS(K32)>=ABS(M32),"O","X") -> O | F32: =IF(ABS(S32)>=ABS(U32),"O","X") -> X | G32: =IF(ABS(N32)>=ABS(O32),"O","X") -> O | H32: =IF(ABS(V32)>=ABS(W32),"O","X") -> O | I32: 1201.89 | J32: 1393.41 | K32: =ABS(J32-I32)/I32*100 -> 15.934903 | L32: 1384.93 | M32: =ABS(L32-I32)/I32*100 -> 15.229347 | N32: -10 | O32: 0 | P32: 개선 | Q32: 327.89 | R32: 290.88 | S32: =ABS(R32-Q32)/Q32*100 -> 11.287322 | T32: 290.55 | U32: =ABS(T32-Q32)/Q32*100 -> 11.387965 | V32: -80 | W32: -70 | X32: 부분개선 | Y32: 한 연도 개선, 한 연도 부분개선 | Z32: =ABS(N32) -> 10 | AA32: =ABS(O32) -> 0 | AB32: =ABS(V32) -> 80 | AC32: =ABS(W32) -> 70 | AD32: =J32-I32 -> 191.52 | AE32: =R32-Q32 -> -37.01 | AF32: =L32-I32 -> 183.04 | AG32: =T32-Q32 -> -37.34
A33: 낙동강 | B33: 신천 | C33: 대구시(성북교) | D33: 불가 | E33: =IF(ABS(K33)>=ABS(M33),"O","X") -> O | F33: =IF(ABS(S33)>=ABS(U33),"O","X") -> O | G33: =IF(ABS(N33)>=ABS(O33),"O","X") -> O | H33: =IF(ABS(V33)>=ABS(W33),"O","X") -> O | I33: 349.28 | J33: 542.10 | K33: =ABS(J33-I33)/I33*100 -> 55.204993 | L33: 542.10 | M33: =ABS(L33-I33)/I33*100 -> 55.204993 | N33: -100 | O33: -100 | P33: 변화없음 | Q33: 181.13 | R33: 208.95 | S33: =ABS(R33-Q33)/Q33*100 -> 15.359134 | T33: 208.95 | U33: =ABS(T33-Q33)/Q33*100 -> 15.359134 | V33: 16380 | W33: 16380 | X33: 변화없음 | Y33: 2023, 2024 모두 변화없음 (매개변수 조정 불필요) | Z33: =ABS(N33) -> 100 | AA33: =ABS(O33) -> 100 | AB33: =ABS(V33) -> 16380 | AC33: =ABS(W33) -> 16380 | AD33: =J33-I33 -> 192.82 | AE33: =R33-Q33 -> 27.82 | AF33: =L33-I33 -> 192.82 | AG33: =T33-Q33 -> 27.82 | AH33: 이상치/결측치
A34: 낙동강 | B34: 쌍계천 | C34: 의성군(덕은교) | D34: 부분개선 | E34: =IF(ABS(K34)>=ABS(M34),"O","X") -> O | F34: =IF(ABS(S34)>=ABS(U34),"O","X") -> O | G34: =IF(ABS(N34)>=ABS(O34),"O","X") -> X | H34: =IF(ABS(V34)>=ABS(W34),"O","X") -> O | I34: 489.46 | J34: 319.63 | K34: =ABS(J34-I34)/I34*100 -> 34.697422 | L34: 431.81 | M34: =ABS(L34-I34)/I34*100 -> 11.778286 | N34: -40 | O34: -50 | P34: 부분개선 | Q34: 459.97 | R34: 233.58 | S34: =ABS(R34-Q34)/Q34*100 -> 49.218427 | T34: 382.30 | U34: =ABS(T34-Q34)/Q34*100 -> 16.885884 | V34: 260 | W34: -70 | X34: 개선 | Y34: 한 연도 개선, 한 연도 부분개선 | Z34: =ABS(N34) -> 40 | AA34: =ABS(O34) -> 50 | AB34: =ABS(V34) -> 260 | AC34: =ABS(W34) -> 70 | AD34: =J34-I34 -> -169.83 | AE34: =R34-Q34 -> -226.39 | AF34: =L34-I34 -> -57.65 | AG34: =T34-Q34 -> -77.67
A35: 낙동강 | B35: 안림천 | C35: 고령군(귀원교) | D35: 부분개선 | E35: =IF(ABS(K35)>=ABS(M35),"O","X") -> O | F35: =IF(ABS(S35)>=ABS(U35),"O","X") -> O | G35: =IF(ABS(N35)>=ABS(O35),"O","X") -> O | H35: =IF(ABS(V35)>=ABS(W35),"O","X") -> O | I35: 815.22 | J35: 915.66 | K35: =ABS(J35-I35)/I35*100 -> 12.320601 | L35: 722.89 | M35: =ABS(L35-I35)/I35*100 -> 11.325777 | N35: -20 | O35: -10 | P35: 개선 | Q35: 111.04 | R35: 161.50 | S35: =ABS(R35-Q35)/Q35*100 -> 45.443084 | T35: 137.84 | U35: =ABS(T35-Q35)/Q35*100 -> 24.135447 | V35: -180 | W35: -180 | X35: 부분개선 | Y35: 한 연도 개선, 한 연도 부분개선 | Z35: =ABS(N35) -> 20 | AA35: =ABS(O35) -> 10 | AB35: =ABS(V35) -> 180 | AC35: =ABS(W35) -> 180 | AD35: =J35-I35 -> 100.44 | AE35: =R35-Q35 -> 50.46 | AF35: =L35-I35 -> -92.33 | AG35: =T35-Q35 -> 26.8
A36: 낙동강 | B36: 양산천 | C36: 양산시(양산교) | D36: 개선 | E36: =IF(ABS(K36)>=ABS(M36),"O","X") -> O | F36: =IF(ABS(S36)>=ABS(U36),"O","X") -> O | G36: =IF(ABS(N36)>=ABS(O36),"O","X") -> O | H36: =IF(ABS(V36)>=ABS(W36),"O","X") -> O | I36: 341.66 | J36: 688.93 | K36: =ABS(J36-I36)/I36*100 -> 101.64198 | L36: 584.08 | M36: =ABS(L36-I36)/I36*100 -> 70.95358 | N36: -230 | O36: -220 | P36: 개선 | Q36: 642.99 | R36: 723.83 | S36: =ABS(R36-Q36)/Q36*100 -> 12.572513 | T36: 676.53 | U36: =ABS(T36-Q36)/Q36*100 -> 5.2162553 | V36: -60 | W36: -20 | X36: 개선 | Y36: 2023, 2024 모두 개선 | Z36: =ABS(N36) -> 230 | AA36: =ABS(O36) -> 220 | AB36: =ABS(V36) -> 60 | AC36: =ABS(W36) -> 20 | AD36: =J36-I36 -> 347.27 | AE36: =R36-Q36 -> 80.84 | AF36: =L36-I36 -> 242.42 | AG36: =T36-Q36 -> 33.54
A37: 낙동강 | B37: 영강 | C37: 문경시(김용리) | D37: 개선 | E37: =IF(ABS(K37)>=ABS(M37),"O","X") -> X | F37: =IF(ABS(S37)>=ABS(U37),"O","X") -> O | G37: =IF(ABS(N37)>=ABS(O37),"O","X") -> O | H37: =IF(ABS(V37)>=ABS(W37),"O","X") -> O | I37: 2349.37 | J37: 2378.18 | K37: =ABS(J37-I37)/I37*100 -> 1.2262862 | L37: 2386.92 | M37: =ABS(L37-I37)/I37*100 -> 1.5983008 | N37: -40 | O37: -40 | P37: 불가 | Q37: 632.82 | R37: 626.06 | S37: =ABS(R37-Q37)/Q37*100 -> 1.0682343 | T37: 630.59 | U37: =ABS(T37-Q37)/Q37*100 -> 0.35239089 | V37: -260 | W37: -250 | X37: 개선 | Y37: 2023년: 불가, 2024년: 개선 | Z37: =ABS(N37) -> 40 | AA37: =ABS(O37) -> 40 | AB37: =ABS(V37) -> 260 | AC37: =ABS(W37) -> 250 | AD37: =J37-I37 -> 28.81 | AE37: =R37-Q37 -> -6.76 | AF37: =L37-I37 -> 37.55 | AG37: =T37-Q37 -> -2.23
A38: 낙동강 | B38: 영천강 | C38: 진주시(옥산교) | D38: 개선 | E38: =IF(ABS(K38)>=ABS(M38),"O","X") -> O | F38: =IF(ABS(S38)>=ABS(U38),"O","X") -> O | G38: =IF(ABS(N38)>=ABS(O38),"O","X") -> X | H38: =IF(ABS(V38)>=ABS(W38),"O","X") -> X | I38: 506.66 | J38: 390.44 | K38: =ABS(J38-I38)/I38*100 -> 22.93846 | L38: 570.49 | M38: =ABS(L38-I38)/I38*100 -> 12.598192 | N38: -30 | O38: -40 | P38: 부분개선 | Q38: 1032.16 | R38: 735.76 | S38: =ABS(R38-Q38)/Q38*100 -> 28.716478 | T38: 927.94 | U38: =ABS(T38-Q38)/Q38*100 -> 10.097272 | V38: -30 | W38: -40 | X38: 부분개선 | Y38: 2023, 2024 모두 부분개선 | Z38: =ABS(N38) -> 30 | AA38: =ABS(O38) -> 40 | AB38: =ABS(V38) -> 30 | AC38: =ABS(W38) -> 40 | AD38: =J38-I38 -> -116.22 | AE38: =R38-Q38 -> -296.4 | AF38: =L38-I38 -> 63.83 | AG38: =T38-Q38 -> -104.22
A39: 낙동강 | B39: 오목천 | C39: 경산시(압량교) | D39: 개선 | E39: =IF(ABS(K39)>=ABS(M39),"O","X") -> O | F39: =IF(ABS(S39)>=ABS(U39),"O","X") -> O | G39: =IF(ABS(N39)>=ABS(O39),"O","X") -> O | H39: =IF(ABS(V39)>=ABS(W39),"O","X") -> O | I39: 253.49 | J39: 147.57 | K39: =ABS(J39-I39)/I39*100 -> 41.784686 | L39: 147.65 | M39: =ABS(L39-I39)/I39*100 -> 41.753126 | N39: -40 | O39: 0 | P39: 개선 | Q39: 89.89 | R39: 89.71 | S39: =ABS(R39-Q39)/Q39*100 -> 0.20024474 | T39: 89.75 | U39: =ABS(T39-Q39)/Q39*100 -> 0.15574591 | V39: -50 | W39: -20 | X39: 개선 | Y39: 2023, 2024 모두 개선 | Z39: =ABS(N39) -> 40 | AA39: =ABS(O39) -> 0 | AB39: =ABS(V39) -> 50 | AC39: =ABS(W39) -> 20 | AD39: =J39-I39 -> -105.92 | AE39: =R39-Q39 -> -0.18 | AF39: =L39-I39 -> -105.84 | AG39: =T39-Q39 -> -0.14
A40: 낙동강 | B40: 위천 | C40: 군위군(무성리) | D40: 변화없음 | E40: =IF(ABS(K40)>=ABS(M40),"O","X") -> O | F40: =IF(ABS(S40)>=ABS(U40),"O","X") -> O | G40: =IF(ABS(N40)>=ABS(O40),"O","X") -> O | H40: =IF(ABS(V40)>=ABS(W40),"O","X") -> O | I40: 696.22 | J40: 768.04 | K40: =ABS(J40-I40)/I40*100 -> 10.315705 | L40: 768.04 | M40: =ABS(L40-I40)/I40*100 -> 10.315705 | N40: -30 | O40: -30 | P40: 변화없음 | Q40: 517.78 | R40: 484.57 | S40: =ABS(R40-Q40)/Q40*100 -> 6.413921 | T40: 484.57 | U40: =ABS(T40-Q40)/Q40*100 -> 6.413921 | V40: 280 | W40: 280 | X40: 변화없음 | Y40: 2023, 2024 모두 변화없음 (매개변수 조정 불필요) | Z40: =ABS(N40) -> 30 | AA40: =ABS(O40) -> 30 | AB40: =ABS(V40) -> 280 | AC40: =ABS(W40) -> 280 | AD40: =J40-I40 -> 71.82 | AE40: =R40-Q40 -> -33.21 | AF40: =L40-I40 -> 71.82 | AG40: =T40-Q40 -> -33.21
A41: 낙동강 | B41: 위천 | C41: 의성군(장송교) | D41: 부분개선 | E41: =IF(ABS(K41)>=ABS(M41),"O","X") -> O | F41: =IF(ABS(S41)>=ABS(U41),"O","X") -> O | G41: =IF(ABS(N41)>=ABS(O41),"O","X") -> O | H41: =IF(ABS(V41)>=ABS(W41),"O","X") -> O | I41: 1586.45 | J41: 1847.53 | K41: =ABS(J41-I41)/I41*100 -> 16.456869 | L41: 1677.00 | M41: =ABS(L41-I41)/I41*100 -> 5.7077122 | N41: -250 | O41: -240 | P41: 개선 | Q41: 950.70 | R41: 1167.86 | S41: =ABS(R41-Q41)/Q41*100 -> 22.842116 | T41: 1019.49 | U41: =ABS(T41-Q41)/Q41*100 -> 7.235721 | V41: -180 | W41: -170 | X41: 개선 | Y41: 2023, 2024 모두 개선 | Z41: =ABS(N41) -> 250 | AA41: =ABS(O41) -> 240 | AB41: =ABS(V41) -> 180 | AC41: =ABS(W41) -> 170 | AD41: =J41-I41 -> 261.08 | AE41: =R41-Q41 -> 217.16 | AF41: =L41-I41 -> 90.55 | AG41: =T41-Q41 -> 68.79
A42: 낙동강 | B42: 의령천 | C42: 의령군(공단교) | D42: 부분개선 | E42: =IF(ABS(K42)>=ABS(M42),"O","X") -> X | F42: =IF(ABS(S42)>=ABS(U42),"O","X") -> O | G42: =IF(ABS(N42)>=ABS(O42),"O","X") -> O | H42: =IF(ABS(V42)>=ABS(W42),"O","X") -> O | I42: 231.98 | J42: 267.96 | K42: =ABS(J42-I42)/I42*100 -> 15.509958 | L42: 191.21 | M42: =ABS(L42-I42)/I42*100 -> 17.574791 | N42: -40 | O42: -30 | P42: 부분개선 | Q42: 166.28 | R42: 226.34 | S42: =ABS(R42-Q42)/Q42*100 -> 36.119798 | T42: 194.38 | U42: =ABS(T42-Q42)/Q42*100 -> 16.899206 | V42: -20 | W42: -20 | X42: 부분개선 | Y42: 2023, 2024 모두 부분개선 | Z42: =ABS(N42) -> 40 | AA42: =ABS(O42) -> 30 | AB42: =ABS(V42) -> 20 | AC42: =ABS(W42) -> 20 | AD42: =J42-I42 -> 35.98 | AE42: =R42-Q42 -> 60.06 | AF42: =L42-I42 -> -40.77 | AG42: =T42-Q42 -> 28.1
A43: 낙동강 | B43: 이안천 | C43: 상주시(이안교) | D43: 불가 | E43: =IF(ABS(K43)>=ABS(M43),"O","X") -> X | F43: =IF(ABS(S43)>=ABS(U43),"O","X") -> O | G43: =IF(ABS(N43)>=ABS(O43),"O","X") -> O | H43: =IF(ABS(V43)>=ABS(W43),"O","X") -> O | I43: 546.69 | J43: 465.22 | K43: =ABS(J43-I43)/I43*100 -> 14.902413 | L43: 410.76 | M43: =ABS(L43-I43)/I43*100 -> 24.864183 | N43: 500 | O43: 500 | P43: 불가 | Q43: 119.81 | R43: 165.29 | S43: =ABS(R43-Q43)/Q43*100 -> 37.960103 | T43: 130.64 | U43: =ABS(T43-Q43)/Q43*100 -> 9.0393122 | V43: -340 | W43: -220 | X43: 개선 | Y43: 2023년: 불가, 2024년: 개선 | Z43: =ABS(N43) -> 500 | AA43: =ABS(O43) -> 500 | AB43: =ABS(V43) -> 340 | AC43: =ABS(W43) -> 220 | AD43: =J43-I43 -> -81.47 | AE43: =R43-Q43 -> 45.48 | AF43: =L43-I43 -> -135.93 | AG43: =T43-Q43 -> 10.83 | AH43: 수위-유량 곡선
A44: 낙동강 | B44: 임천 | C44: 함양군(화촌리) | D44: 불가 | E44: =IF(ABS(K44)>=ABS(M44),"O","X") -> X | F44: =IF(ABS(S44)>=ABS(U44),"O","X") -> X | G44: =IF(ABS(N44)>=ABS(O44),"O","X") -> O | H44: =IF(ABS(V44)>=ABS(W44),"O","X") -> O | I44: 1540.77 | J44: 1284.80 | K44: =ABS(J44-I44)/I44*100 -> 16.613122 | L44: 1193.97 | M44: =ABS(L44-I44)/I44*100 -> 22.508226 | N44: -90 | O44: -50 | P44: 부분개선 | Q44: 409.82 | R44: 412.01 | S44: =ABS(R44-Q44)/Q44*100 -> 0.53438095 | T44: 407.08 | U44: =ABS(T44-Q44)/Q44*100 -> 0.66858621 | V44: -1720 | W44: -1670 | X44: 부분개선 | Y44: 2023, 2024 모두 부분개선 | Z44: =ABS(N44) -> 90 | AA44: =ABS(O44) -> 50 | AB44: =ABS(V44) -> 1720 | AC44: =ABS(W44) -> 1670 | AD44: =J44-I44 -> -255.97 | AE44: =R44-Q44 -> 2.19 | AF44: =L44-I44 -> -346.8 | AG44: =T44-Q44 -> -2.74 | AH44: 수위-유량 곡선
A45: 낙동강 | B45: 자호천 | C45: 영천시(단포교) | D45: 불가 | E45: =IF(ABS(K45)>=ABS(M45),"O","X") -> O | F45: =IF(ABS(S45)>=ABS(U45),"O","X") -> O | G45: =IF(ABS(N45)>=ABS(O45),"O","X") -> O | H45: =IF(ABS(V45)>=ABS(W45),"O","X") -> X | I45: 378.10 | J45: 303.53 | K45: =ABS(J45-I45)/I45*100 -> 19.722296 | L45: 334.60 | M45: =ABS(L45-I45)/I45*100 -> 11.504893 | N45: 40 | O45: 10 | P45: 개선 | Q45: 44.63 | R45: 37.44 | S45: =ABS(R45-Q45)/Q45*100 -> 16.11024 | T45: 41.38 | U45: =ABS(T45-Q45)/Q45*100 -> 7.2820972 | V45: -420 | W45: -430 | X45: 부분개선 | Y45: 한 연도 개선, 한 연도 부분개선 | Z45: =ABS(N45) -> 40 | AA45: =ABS(O45) -> 10 | AB45: =ABS(V45) -> 420 | AC45: =ABS(W45) -> 430 | AD45: =J45-I45 -> -74.57 | AE45: =R45-Q45 -> -7.19 | AF45: =L45-I45 -> -43.5 | AG45: =T45-Q45 -> -3.25 | AH45: 댐운영
A46: 낙동강 | B46: 조만강 | C46: 김해시(정천교) | D46: 불가 | E46: =IF(ABS(K46)>=ABS(M46),"O","X") -> X | F46: =IF(ABS(S46)>=ABS(U46),"O","X") -> O | G46: =IF(ABS(N46)>=ABS(O46),"O","X") -> X | H46: =IF(ABS(V46)>=ABS(W46),"O","X") -> O | I46: 99.80 | J46: 91.02 | K46: =ABS(J46-I46)/I46*100 -> 8.7975952 | L46: 75.29 | M46: =ABS(L46-I46)/I46*100 -> 24.559118 | N46: 0 | O46: 20 | P46: 불가 | Q46: 223.69 | R46: 289.56 | S46: =ABS(R46-Q46)/Q46*100 -> 29.447003 | T46: 229.69 | U46: =ABS(T46-Q46)/Q46*100 -> 2.6822835 | V46: -20 | W46: 0 | X46: 개선 | Y46: 2023년: 불가, 2024년: 개선 | Z46: =ABS(N46) -> 0 | AA46: =ABS(O46) -> 20 | AB46: =ABS(V46) -> 20 | AC46: =ABS(W46) -> 0 | AD46: =J46-I46 -> -8.78 | AE46: =R46-Q46 -> 65.87 | AF46: =L46-I46 -> -24.51 | AG46: =T46-Q46 -> 6 | AH46: 이상치/결측치
A47: 낙동강 | B47: 청도천 | C47: 청도군(원리) | D47: 개선 | E47: =IF(ABS(K47)>=ABS(M47),"O","X") -> X | F47: =IF(ABS(S47)>=ABS(U47),"O","X") -> O | G47: =IF(ABS(N47)>=ABS(O47),"O","X") -> O | H47: =IF(ABS(V47)>=ABS(W47),"O","X") -> O | I47: 599.44 | J47: 590.27 | K47: =ABS(J47-I47)/I47*100 -> 1.5297611 | L47: 535.82 | M47: =ABS(L47-I47)/I47*100 -> 10.613239 | N47: -90 | O47: 30 | P47: 부분개선 | Q47: 192.64 | R47: 214.25 | S47: =ABS(R47-Q47)/Q47*100 -> 11.217816 | T47: 203.99 | U47: =ABS(T47-Q47)/Q47*100 -> 5.8918189 | V47: -130 | W47: -40 | X47: 개선 | Y47: 한 연도 개선, 한 연도 부분개선 | Z47: =ABS(N47) -> 90 | AA47: =ABS(O47) -> 30 | AB47: =ABS(V47) -> 130 | AC47: =ABS(W47) -> 40 | AD47: =J47-I47 -> -9.17 | AE47: =R47-Q47 -> 21.61 | AF47: =L47-I47 -> -63.62 | AG47: =T47-Q47 -> 11.35
A48: 낙동강 | B48: 한천 | C48: 구미시(양포교) | D48: 불가 | E48: =IF(ABS(K48)>=ABS(M48),"O","X") -> #VALUE! | F48: =IF(ABS(S48)>=ABS(U48),"O","X") -> O | G48: =IF(ABS(N48)>=ABS(O48),"O","X") -> O | H48: =IF(ABS(V48)>=ABS(W48),"O","X") -> O | K48: n/a | M48: n/a | P48: 불가 | Q48: 197.24 | R48: 153.72 | S48: =ABS(R48-Q48)/Q48*100 -> 22.06449 | T48: 188.72 | U48: =ABS(T48-Q48)/Q48*100 -> 4.3196106 | V48: -30 | W48: -10 | X48: 개선 | Y48: 2023년: 불가, 2024년: 개선 | Z48: =ABS(N48) -> 0 | AA48: =ABS(O48) -> 0 | AB48: =ABS(V48) -> 30 | AC48: =ABS(W48) -> 10 | AD48: =J48-I48 -> 0 | AE48: =R48-Q48 -> -43.52 | AF48: =L48-I48 -> 0 | AG48: =T48-Q48 -> -8.52 | AH48: 이상치/결측치
A49: 낙동강 | B49: 한천 | C49: 예천군(신예천교) | D49: 부분개선 | E49: =IF(ABS(K49)>=ABS(M49),"O","X") -> O | F49: =IF(ABS(S49)>=ABS(U49),"O","X") -> O | G49: =IF(ABS(N49)>=ABS(O49),"O","X") -> O | H49: =IF(ABS(V49)>=ABS(W49),"O","X") -> X | I49: 437.59 | J49: 827.38 | K49: =ABS(J49-I49)/I49*100 -> 89.076533 | L49: 629.51 | M49: =ABS(L49-I49)/I49*100 -> 43.858406 | N49: -20 | O49: 0 | P49: 개선 | Q49: 84.60 | R49: 150.50 | S49: =ABS(R49-Q49)/Q49*100 -> 77.895981 | T49: 88.65 | U49: =ABS(T49-Q49)/Q49*100 -> 4.787234 | V49: -40 | W49: 360 | X49: 부분개선 | Y49: 한 연도 개선, 한 연도 부분개선 | Z49: =ABS(N49) -> 20 | AA49: =ABS(O49) -> 0 | AB49: =ABS(V49) -> 40 | AC49: =ABS(W49) -> 360 | AD49: =J49-I49 -> 389.79 | AE49: =R49-Q49 -> 65.9 | AF49: =L49-I49 -> 191.92 | AG49: =T49-Q49 -> 4.05
A50: 낙동강 | B50: 함안천 | C50: 함안군(서촌리) | D50: 불가 | E50: =IF(ABS(K50)>=ABS(M50),"O","X") -> O | F50: =IF(ABS(S50)>=ABS(U50),"O","X") -> X | G50: =IF(ABS(N50)>=ABS(O50),"O","X") -> O | H50: =IF(ABS(V50)>=ABS(W50),"O","X") -> O | I50: 443.25 | J50: 176.89 | K50: =ABS(J50-I50)/I50*100 -> 60.092499 | L50: 185.53 | M50: =ABS(L50-I50)/I50*100 -> 58.14326 | N50: -3080 | O50: -3080 | P50: 부분개선 | Q50: 366.17 | R50: 366.62 | S50: =ABS(R50-Q50)/Q50*100 -> 0.12289374 | T50: 383.15 | U50: =ABS(T50-Q50)/Q50*100 -> 4.6371904 | V50: -620 | W50: -610 | X50: 부분개선 | Y50: 2023, 2024 모두 부분개선 | Z50: =ABS(N50) -> 3080 | AA50: =ABS(O50) -> 3080 | AB50: =ABS(V50) -> 620 | AC50: =ABS(W50) -> 610 | AD50: =J50-I50 -> -266.36 | AE50: =R50-Q50 -> 0.45 | AF50: =L50-I50 -> -257.72 | AG50: =T50-Q50 -> 16.98 | AH50: 수위-유량 곡선
A51: 낙동강 | B51: 황강 | C51: 거창군(남하교) | D51: 불가 | E51: =IF(ABS(K51)>=ABS(M51),"O","X") -> O | F51: =IF(ABS(S51)>=ABS(U51),"O","X") -> O | G51: =IF(ABS(N51)>=ABS(O51),"O","X") -> O | H51: =IF(ABS(V51)>=ABS(W51),"O","X") -> O | I51: 553.83 | J51: 727.51 | K51: =ABS(J51-I51)/I51*100 -> 31.359804 | L51: 727.51 | M51: =ABS(L51-I51)/I51*100 -> 31.359804 | N51: 4300 | O51: 4300 | P51: 변화없음 | Q51: 563.34 | R51: 590.50 | S51: =ABS(R51-Q51)/Q51*100 -> 4.8212447 | T51: 590.50 | U51: =ABS(T51-Q51)/Q51*100 -> 4.8212447 | V51: -50 | W51: -50 | X51: 변화없음 | Y51: 2023, 2024 모두 변화없음 (매개변수 조정 불필요) | Z51: =ABS(N51) -> 4300 | AA51: =ABS(O51) -> 4300 | AB51: =ABS(V51) -> 50 | AC51: =ABS(W51) -> 50 | AD51: =J51-I51 -> 173.68 | AE51: =R51-Q51 -> 27.16 | AF51: =L51-I51 -> 173.68 | AG51: =T51-Q51 -> 27.16 | AH51: 수위-유량 곡선
A52: 낙동강 | B52: 황강 | C52: 합천군(황강교) | D52: 불가 | E52: =IF(ABS(K52)>=ABS(M52),"O","X") -> X | F52: =IF(ABS(S52)>=ABS(U52),"O","X") -> O | G52: =IF(ABS(N52)>=ABS(O52),"O","X") -> X | H52: =IF(ABS(V52)>=ABS(W52),"O","X") -> O | I52: 852.35 | J52: 685.80 | K52: =ABS(J52-I52)/I52*100 -> 19.540095 | L52: 367.60 | M52: =ABS(L52-I52)/I52*100 -> 56.872177 | N52: 3630 | O52: 3690 | P52: 불가 | Q52: 157.37 | R52: 379.47 | S52: =ABS(R52-Q52)/Q52*100 -> 141.13236 | T52: 171.51 | U52: =ABS(T52-Q52)/Q52*100 -> 8.9851941 | V52: -640 | W52: -500 | X52: 개선 | Y52: 2023년: 불가, 2024년: 개선 | Z52: =ABS(N52) -> 3630 | AA52: =ABS(O52) -> 3690 | AB52: =ABS(V52) -> 640 | AC52: =ABS(W52) -> 500 | AD52: =J52-I52 -> -166.55 | AE52: =R52-Q52 -> 222.1 | AF52: =L52-I52 -> -484.75 | AG52: =T52-Q52 -> 14.14 | AH52: 수위-유량 곡선
A53: 낙동강 | B53: 황지천 | C53: 태백시(문화교) | D53: 불가 | E53: =IF(ABS(K53)>=ABS(M53),"O","X") -> O | F53: =IF(ABS(S53)>=ABS(U53),"O","X") -> X | G53: =IF(ABS(N53)>=ABS(O53),"O","X") -> O | H53: =IF(ABS(V53)>=ABS(W53),"O","X") -> O | I53: 264.52 | J53: 392.12 | K53: =ABS(J53-I53)/I53*100 -> 48.238318 | L53: 317.23 | M53: =ABS(L53-I53)/I53*100 -> 19.92666 | N53: -130 | O53: -20 | P53: 개선 | Q53: 180.91 | R53: 182.08 | S53: =ABS(R53-Q53)/Q53*100 -> 0.64673042 | T53: 141.67 | U53: =ABS(T53-Q53)/Q53*100 -> 21.690343 | V53: -120 | W53: -120 | X53: 불가 | Y53: 2023년: 개선, 2024년: 불가 | Z53: =ABS(N53) -> 130 | AA53: =ABS(O53) -> 20 | AB53: =ABS(V53) -> 120 | AC53: =ABS(W53) -> 120 | AD53: =J53-I53 -> 127.6 | AE53: =R53-Q53 -> 1.17 | AF53: =L53-I53 -> 52.71 | AG53: =T53-Q53 -> -39.24 | AH53: 수위-유량 곡선
A54: 낙동강 | B54: 회천 | C54: 고령군(회천교) | D54: 불가 | E54: =IF(ABS(K54)>=ABS(M54),"O","X") -> X | F54: =IF(ABS(S54)>=ABS(U54),"O","X") -> O | G54: =IF(ABS(N54)>=ABS(O54),"O","X") -> O | H54: =IF(ABS(V54)>=ABS(W54),"O","X") -> O | I54: 1300.96 | J54: 1052.03 | K54: =ABS(J54-I54)/I54*100 -> 19.134332 | L54: 516.49 | M54: =ABS(L54-I54)/I54*100 -> 60.299317 | N54: -70 | O54: -30 | P54: 부분개선 | Q54: 208.58 | R54: 343.16 | S54: =ABS(R54-Q54)/Q54*100 -> 64.522006 | T54: 227.62 | U54: =ABS(T54-Q54)/Q54*100 -> 9.128392 | V54: -160 | W54: -110 | X54: 개선 | Y54: 한 연도 개선, 한 연도 부분개선 | Z54: =ABS(N54) -> 70 | AA54: =ABS(O54) -> 30 | AB54: =ABS(V54) -> 160 | AC54: =ABS(W54) -> 110 | AD54: =J54-I54 -> -248.93 | AE54: =R54-Q54 -> 134.58 | AF54: =L54-I54 -> -784.47 | AG54: =T54-Q54 -> 19.04 | AH54: 수위-유량 곡선
A55: 낙동강동해 | B55: 남대천 | C55: 울진군(월변교) | D55: 개선 | E55: =IF(ABS(K55)>=ABS(M55),"O","X") -> O | F55: =IF(ABS(S55)>=ABS(U55),"O","X") -> O | G55: =IF(ABS(N55)>=ABS(O55),"O","X") -> O | H55: =IF(ABS(V55)>=ABS(W55),"O","X") -> O | I55: 42.06 | J55: 344.32 | K55: =ABS(J55-I55)/I55*100 -> 718.64004 | L55: 163.21 | M55: =ABS(L55-I55)/I55*100 -> 288.04089 | N55: -270 | O55: -160 | P55: 개선 | Q55: 79.85 | R55: 166.97 | S55: =ABS(R55-Q55)/Q55*100 -> 109.10457 | T55: 80.61 | U55: =ABS(T55-Q55)/Q55*100 -> 0.9517846 | V55: -180 | W55: 40 | X55: 개선 | Y55: 2023, 2024 모두 개선 | Z55: =ABS(N55) -> 270 | AA55: =ABS(O55) -> 160 | AB55: =ABS(V55) -> 180 | AC55: =ABS(W55) -> 40 | AD55: =J55-I55 -> 302.26 | AE55: =R55-Q55 -> 87.12 | AF55: =L55-I55 -> 121.15 | AG55: =T55-Q55 -> 0.76
A56: 낙동강동해 | B56: 냉천 | C56: 포항시(문덕3교) | D56: 불가 | E56: =IF(ABS(K56)>=ABS(M56),"O","X") -> O | F56: =IF(ABS(S56)>=ABS(U56),"O","X") -> X | G56: =IF(ABS(N56)>=ABS(O56),"O","X") -> X | H56: =IF(ABS(V56)>=ABS(W56),"O","X") -> O | I56: 31.93 | J56: 39.34 | K56: =ABS(J56-I56)/I56*100 -> 23.207015 | L56: 37.70 | M56: =ABS(L56-I56)/I56*100 -> 18.07078 | N56: 60 | O56: 80 | P56: 부분개선 | Q56: 48.21 | R56: 37.54 | S56: =ABS(R56-Q56)/Q56*100 -> 22.132338 | T56: 36.85 | U56: =ABS(T56-Q56)/Q56*100 -> 23.563576 | V56: -70 | W56: -70 | X56: 불가 | Y56: 2023년: 부분개선, 2024년: 불가 | Z56: =ABS(N56) -> 60 | AA56: =ABS(O56) -> 80 | AB56: =ABS(V56) -> 70 | AC56: =ABS(W56) -> 70 | AD56: =J56-I56 -> 7.41 | AE56: =R56-Q56 -> -10.67 | AF56: =L56-I56 -> 5.77 | AG56: =T56-Q56 -> -11.36 | AH56: 이상치/결측치
A57: 낙동강동해 | B57: 영덕오십천 | C57: 영덕군(영덕대교) | D57: 부분개선 | E57: =IF(ABS(K57)>=ABS(M57),"O","X") -> O | F57: =IF(ABS(S57)>=ABS(U57),"O","X") -> O | G57: =IF(ABS(N57)>=ABS(O57),"O","X") -> O | H57: =IF(ABS(V57)>=ABS(W57),"O","X") -> O | I57: 536.43 | J57: 774.91 | K57: =ABS(J57-I57)/I57*100 -> 44.456872 | L57: 330.73 | M57: =ABS(L57-I57)/I57*100 -> 38.346103 | N57: -200 | O57: 40 | P57: 개선 | Q57: 167.33 | R57: 649.25 | S57: =ABS(R57-Q57)/Q57*100 -> 288.00574 | T57: 257.99 | U57: =ABS(T57-Q57)/Q57*100 -> 54.180362 | V57: -520 | W57: -140 | X57: 개선 | Y57: 2023, 2024 모두 개선 | Z57: =ABS(N57) -> 200 | AA57: =ABS(O57) -> 40 | AB57: =ABS(V57) -> 520 | AC57: =ABS(W57) -> 140 | AD57: =J57-I57 -> 238.48 | AE57: =R57-Q57 -> 481.92 | AF57: =L57-I57 -> -205.7 | AG57: =T57-Q57 -> 90.66
A58: 낙동강동해 | B58: 왕피천 | C58: 울진군(수산교) | D58: 부분개선 | E58: =IF(ABS(K58)>=ABS(M58),"O","X") -> O | F58: =IF(ABS(S58)>=ABS(U58),"O","X") -> O | G58: =IF(ABS(N58)>=ABS(O58),"O","X") -> O | H58: =IF(ABS(V58)>=ABS(W58),"O","X") -> O | I58: 446.69 | J58: 811.66 | K58: =ABS(J58-I58)/I58*100 -> 81.705433 | L58: 785.94 | M58: =ABS(L58-I58)/I58*100 -> 75.947525 | N58: -5420 | O58: -5410 | P58: 개선 | Q58: 446.69 | R58: 483.14 | S58: =ABS(R58-Q58)/Q58*100 -> 8.1600215 | T58: 464.56 | U58: =ABS(T58-Q58)/Q58*100 -> 4.0005373 | V58: -650 | W58: -640 | X58: 개선 | Y58: 2023, 2024 모두 개선 | Z58: =ABS(N58) -> 5420 | AA58: =ABS(O58) -> 5410 | AB58: =ABS(V58) -> 650 | AC58: =ABS(W58) -> 640 | AD58: =J58-I58 -> 364.97 | AE58: =R58-Q58 -> 36.45 | AF58: =L58-I58 -> 339.25 | AG58: =T58-Q58 -> 17.87
A59: 태화강 | B59: 동천 | C59: 울산시(병영교) | D59: 개선 | E59: =IF(ABS(K59)>=ABS(M59),"O","X") -> O | F59: =IF(ABS(S59)>=ABS(U59),"O","X") -> O | G59: =IF(ABS(N59)>=ABS(O59),"O","X") -> X | H59: =IF(ABS(V59)>=ABS(W59),"O","X") -> O | I59: 189.51 | J59: 274.87 | K59: =ABS(J59-I59)/I59*100 -> 45.042478 | L59: 168.72 | M59: =ABS(L59-I59)/I59*100 -> 10.970397 | N59: -10 | O59: 30 | P59: 부분개선 | Q59: 95.18 | R59: 159.84 | S59: =ABS(R59-Q59)/Q59*100 -> 67.93444 | T59: 110.46 | U59: =ABS(T59-Q59)/Q59*100 -> 16.053793 | V59: -20 | W59: -10 | X59: 개선 | Y59: 한 연도 개선, 한 연도 부분개선 | Z59: =ABS(N59) -> 10 | AA59: =ABS(O59) -> 30 | AB59: =ABS(V59) -> 20 | AC59: =ABS(W59) -> 10 | AD59: =J59-I59 -> 85.36 | AE59: =R59-Q59 -> 64.66 | AF59: =L59-I59 -> -20.79 | AG59: =T59-Q59 -> 15.28
A60: 태화강 | B60: 태화강 | C60: 울산시(사연교) | D60: 개선 | E60: =IF(ABS(K60)>=ABS(M60),"O","X") -> O | F60: =IF(ABS(S60)>=ABS(U60),"O","X") -> O | G60: =IF(ABS(N60)>=ABS(O60),"O","X") -> O | H60: =IF(ABS(V60)>=ABS(W60),"O","X") -> O | I60: 371.29 | J60: 416.20 | K60: =ABS(J60-I60)/I60*100 -> 12.095666 | L60: 392.73 | M60: =ABS(L60-I60)/I60*100 -> 5.774462 | N60: -60 | O60: -40 | P60: 개선 | Q60: 331.84 | R60: 360.82 | S60: =ABS(R60-Q60)/Q60*100 -> 8.7331244 | T60: 356.26 | U60: =ABS(T60-Q60)/Q60*100 -> 7.3589682 | V60: -10 | W60: 10 | X60: 부분개선 | Y60: 한 연도 개선, 한 연도 부분개선 | Z60: =ABS(N60) -> 60 | AA60: =ABS(O60) -> 40 | AB60: =ABS(V60) -> 10 | AC60: =ABS(W60) -> 10 | AD60: =J60-I60 -> 44.91 | AE60: =R60-Q60 -> 28.98 | AF60: =L60-I60 -> 21.44 | AG60: =T60-Q60 -> 24.42
A61: 태화강 | B61: 태화강 | C61: 울산시(태화교) | D61: 불가(조석) | E61: =IF(ABS(K61)>=ABS(M61),"O","X") -> O | F61: =IF(ABS(S61)>=ABS(U61),"O","X") -> O | G61: =IF(ABS(N61)>=ABS(O61),"O","X") -> O | H61: =IF(ABS(V61)>=ABS(W61),"O","X") -> O | I61: 429.21 | J61: 710.47 | K61: =ABS(J61-I61)/I61*100 -> 65.529694 | L61: 680.08 | M61: =ABS(L61-I61)/I61*100 -> 58.449244 | N61: -110 | O61: -100 | P61: 개선 | Q61: 392.67 | R61: 562.25 | S61: =ABS(R61-Q61)/Q61*100 -> 43.186391 | T61: 550.05 | U61: =ABS(T61-Q61)/Q61*100 -> 40.079456 | V61: -200 | W61: -100 | X61: 개선 | Y61: 조정제외(조석영향) | Z61: =ABS(N61) -> 110 | AA61: =ABS(O61) -> 100 | AB61: =ABS(V61) -> 200 | AC61: =ABS(W61) -> 100 | AD61: =J61-I61 -> 281.26 | AE61: =R61-Q61 -> 169.58 | AF61: =L61-I61 -> 250.87 | AG61: =T61-Q61 -> 157.38 | AH61: 조석
A62: 형산강 | B62: 기계천 | C62: 경주시(달성교) | D62: 불가 | E62: =IF(ABS(K62)>=ABS(M62),"O","X") -> X | F62: =IF(ABS(S62)>=ABS(U62),"O","X") -> O | G62: =IF(ABS(N62)>=ABS(O62),"O","X") -> O | H62: =IF(ABS(V62)>=ABS(W62),"O","X") -> O | I62: 126.23 | J62: 111.53 | K62: =ABS(J62-I62)/I62*100 -> 11.645409 | L62: 29.36 | M62: =ABS(L62-I62)/I62*100 -> 76.74087 | N62: -110 | O62: 40 | P62: 부분개선 | Q62: 32.87 | R62: 117.49 | S62: =ABS(R62-Q62)/Q62*100 -> 257.43839 | T62: 35.45 | U62: =ABS(T62-Q62)/Q62*100 -> 7.8491025 | V62: -110 | W62: -40 | X62: 개선 | Y62: 한 연도 개선, 한 연도 부분개선 | Z62: =ABS(N62) -> 110 | AA62: =ABS(O62) -> 40 | AB62: =ABS(V62) -> 110 | AC62: =ABS(W62) -> 40 | AD62: =J62-I62 -> -14.7 | AE62: =R62-Q62 -> 84.62 | AF62: =L62-I62 -> -96.87 | AG62: =T62-Q62 -> 2.58 | AH62: 모형
A63: 형산강 | B63: 형산강 | C63: 경주시(강동대교) | D63: 부분개선 | E63: =IF(ABS(K63)>=ABS(M63),"O","X") -> O | F63: =IF(ABS(S63)>=ABS(U63),"O","X") -> O | G63: =IF(ABS(N63)>=ABS(O63),"O","X") -> O | H63: =IF(ABS(V63)>=ABS(W63),"O","X") -> O | I63: 526.43 | J63: 664.33 | K63: =ABS(J63-I63)/I63*100 -> 26.195316 | L63: 402.59 | M63: =ABS(L63-I63)/I63*100 -> 23.524495 | N63: -210 | O63: -140 | P63: 개선 | Q63: 406.17 | R63: 741.07 | S63: =ABS(R63-Q63)/Q63*100 -> 82.45316 | T63: 446.64 | U63: =ABS(T63-Q63)/Q63*100 -> 9.9638083 | V63: -230 | W63: -160 | X63: 개선 | Y63: 2023, 2024 모두 개선 | Z63: =ABS(N63) -> 210 | AA63: =ABS(O63) -> 140 | AB63: =ABS(V63) -> 230 | AC63: =ABS(W63) -> 160 | AD63: =J63-I63 -> 137.9 | AE63: =R63-Q63 -> 334.9 | AF63: =L63-I63 -> -123.84 | AG63: =T63-Q63 -> 40.47
A64: 형산강 | B64: 형산강 | C64: 경주시(서천교) | D64: 부분개선 | E64: =IF(ABS(K64)>=ABS(M64),"O","X") -> X | F64: =IF(ABS(S64)>=ABS(U64),"O","X") -> O | G64: =IF(ABS(N64)>=ABS(O64),"O","X") -> O | H64: =IF(ABS(V64)>=ABS(W64),"O","X") -> O | I64: 374.77 | J64: 310.07 | K64: =ABS(J64-I64)/I64*100 -> 17.263922 | L64: 241.65 | M64: =ABS(L64-I64)/I64*100 -> 35.520453 | N64: -80 | O64: -30 | P64: 부분개선 | Q64: 242.91 | R64: 337.41 | S64: =ABS(R64-Q64)/Q64*100 -> 38.903298 | T64: 266.47 | U64: =ABS(T64-Q64)/Q64*100 -> 9.6990655 | V64: -140 | W64: -20 | X64: 개선 | Y64: 한 연도 개선, 한 연도 부분개선 | Z64: =ABS(N64) -> 80 | AA64: =ABS(O64) -> 30 | AB64: =ABS(V64) -> 140 | AC64: =ABS(W64) -> 20 | AD64: =J64-I64 -> -64.7 | AE64: =R64-Q64 -> 94.5 | AF64: =L64-I64 -> -133.12 | AG64: =T64-Q64 -> 23.56
A65: 형산강 | B65: 형산강 | C65: 포항시(형산교) | D65: 불가(조석) | E65: =IF(ABS(K65)>=ABS(M65),"O","X") -> X | F65: =IF(ABS(S65)>=ABS(U65),"O","X") -> X | G65: =IF(ABS(N65)>=ABS(O65),"O","X") -> O | H65: =IF(ABS(V65)>=ABS(W65),"O","X") -> X | I65: 708.63 | J65: 787.22 | K65: =ABS(J65-I65)/I65*100 -> 11.090414 | L65: 515.21 | M65: =ABS(L65-I65)/I65*100 -> 27.294921 | N65: -320 | O65: -270 | P65: 부분개선 | Q65: 1172.97 | R65: 878.89 | S65: =ABS(R65-Q65)/Q65*100 -> 25.0714 | T65: 581.74 | U65: =ABS(T65-Q65)/Q65*100 -> 50.404529 | V65: 100 | W65: 150 | X65: 불가 | Y65: 조정제외(조석영향) | Z65: =ABS(N65) -> 320 | AA65: =ABS(O65) -> 270 | AB65: =ABS(V65) -> 100 | AC65: =ABS(W65) -> 150 | AD65: =J65-I65 -> 78.59 | AE65: =R65-Q65 -> -294.08 | AF65: =L65-I65 -> -193.42 | AG65: =T65-Q65 -> -591.23 | AH65: 조석
A66: 회야수영강 | B66: 수영강 | C66: 부산시(원동교) | D66: 불가(조석) | E66: =IF(ABS(K66)>=ABS(M66),"O","X") -> O | F66: =IF(ABS(S66)>=ABS(U66),"O","X") -> O | G66: =IF(ABS(N66)>=ABS(O66),"O","X") -> O | H66: =IF(ABS(V66)>=ABS(W66),"O","X") -> O | I66: 587.65 | J66: 293.97 | K66: =ABS(J66-I66)/I66*100 -> 49.975325 | L66: 293.97 | M66: =ABS(L66-I66)/I66*100 -> 49.975325 | N66: 0 | O66: 0 | P66: 변화없음 | Q66: 626.04 | R66: 472.02 | S66: =ABS(R66-Q66)/Q66*100 -> 24.602262 | T66: 472.02 | U66: =ABS(T66-Q66)/Q66*100 -> 24.602262 | V66: 370 | W66: 370 | X66: 변화없음 | Y66: 조정제외(조석영향) | Z66: =ABS(N66) -> 0 | AA66: =ABS(O66) -> 0 | AB66: =ABS(V66) -> 370 | AC66: =ABS(W66) -> 370 | AD66: =J66-I66 -> -293.68 | AE66: =R66-Q66 -> -154.02 | AF66: =L66-I66 -> -293.68 | AG66: =T66-Q66 -> -154.02 | AH66: 조석
A67: 회야수영강 | B67: 회야강 | C67: 울산시(덕신교) | D67: 불가 | E67: =IF(ABS(K67)>=ABS(M67),"O","X") -> #VALUE! | F67: =IF(ABS(S67)>=ABS(U67),"O","X") -> O | G67: =IF(ABS(N67)>=ABS(O67),"O","X") -> O | H67: =IF(ABS(V67)>=ABS(W67),"O","X") -> O | K67: n/a | M67: n/a | P67: 불가 | Q67: 322.34 | R67: 471.25 | S67: =ABS(R67-Q67)/Q67*100 -> 46.196563 | T67: 384.09 | U67: =ABS(T67-Q67)/Q67*100 -> 19.156791 | V67: -370 | W67: -130 | X67: 개선 | Y67: 2023년: 불가, 2024년: 개선 | Z67: =ABS(N67) -> 0 | AA67: =ABS(O67) -> 0 | AB67: =ABS(V67) -> 370 | AC67: =ABS(W67) -> 130 | AD67: =J67-I67 -> 0 | AE67: =R67-Q67 -> 148.91 | AF67: =L67-I67 -> 0 | AG67: =T67-Q67 -> 61.75 | AH67: 이상치/결측치

Sheet 상세_비교결과
H1: 2023년 | P1: 2024년
A2: 유역 | B2: 하천 | C2: 지점 | D2: 종합판정 | E2: Note | F2: Peak_Obs(2023년) | G2: 보정전_Peak_Fore(2023년) | H2: 보정전_Peak_Diff(2023년) | I2: 보정후_Peak_Fore(2023년) | J2: 보정후_Peak_Diff(2023년) | K2: 보정전_Time_Diff(2023년) | L2: 보정후_Time_Diff(2023년) | M2: 개선여부(2023년) | N2: Peak_Obs(2024년) | O2: 보정전_Peak_Fore(2024년) | P2: 보정전_Peak_Diff(2024년) | Q2: 보정후_Peak_Fore(2024년) | R2: 보정후_Peak_Diff(2024년) | S2: 보정전_Time_Diff(2024년) | T2: 보정후_Time_Diff(2024년) | U2: 개선여부(2024년) | V2: 상세내용
A3: 낙동강 | B3: 감천 | C3: 김천시(김천교) | D3: 부분개선 | F3: 383.57 | G3: 404.62 | H3: 5.49 | I3: 233.24 | J3: -39.19 | K3: -90 | L3: -60 | M3: 부분개선 | N3: 220.67 | O3: 489.41 | P3: 121.78 | Q3: 241.07 | R3: 9.24 | S3: -220 | T3: -160 | U3: 개선 | V3: 한 연도 개선, 한 연도 부분개선
A4: 낙동강 | B4: 금천 | C4: 예천군(산양교) | D4: 개선 | F4: 748.17 | G4: 1158.72 | H4: 54.87 | I4: 1146.41 | J4: 53.23 | K4: -140 | L4: -110 | M4: 개선 | N4: 102.08 | O4: 98.14 | P4: -3.86 | Q4: 97.84 | R4: -4.15 | S4: -70 | T4: -30 | U4: 부분개선 | V4: 한 연도 개선, 한 연도 부분개선
A5: 낙동강 | B5: 금호강 | C5: 대구시(신암동) | D5: 불가 | E5: 이상치/결측치 | F5: 1608.74 | G5: 1443.98 | H5: -10.24 | I5: 1197.42 | J5: -25.57 | K5: -280 | L5: -280 | M5: 불가 | N5: 165.74 | O5: 897.09 | P5: 441.26 | Q5: 655.52 | R5: 295.51 | S5: 210 | T5: 270 | U5: 부분개선 | V5: 2023년: 불가, 2024년: 부분개선
A6: 낙동강 | B6: 금호강 | C6: 영천시(금창교) | D6: 불가 | E6: 수위-유량 곡선 | F6: 1184.60 | G6: 923.23 | H6: -22.06 | I6: 826.52 | J6: -30.23 | K6: -40 | L6: -50 | M6: 불가 | N6: 396.00 | O6: 387.57 | P6: -2.13 | Q6: 369.72 | R6: -6.64 | S6: -580 | T6: -590 | U6: 불가 | V6: 2023년: 불가, 2024년: 불가
A7: 낙동강 | B7: 금호강 | C7: 영천시(영동교) | D7: 불가 | E7: 보운영 | F7: 603.69 | G7: 418.76 | H7: -30.63 | I7: 340.30 | J7: -43.63 | K7: 120 | L7: -50 | M7: 부분개선 | N7: 8.89 | O7: 92.41 | P7: 939.48 | Q7: 44.08 | R7: 395.84 | S7: 14570 | T7: 14140 | U7: 개선 | V7: 한 연도 개선, 한 연도 부분개선
A8: 낙동강 | B8: 길안천 | C8: 안동시(묵계교) | D8: 개선 | F8: 732.24 | G8: 1061.86 | H8: 45.02 | I8: 734.45 | J8: 0.30 | K8: -170 | L8: 60 | M8: 개선 | N8: 595.05 | O8: 821.83 | P8: 38.11 | Q8: 615.88 | R8: 3.50 | S8: -80 | T8: -40 | U8: 개선 | V8: 2023, 2024 모두 개선
A9: 낙동강 | B9: 낙동강 | C9: 대구시(성하리) | D9: 불가 | E9: 본류(보운영) | F9: 8906.62 | G9: 11891.00 | H9: 33.51 | I9: 10729.75 | J9: 20.47 | K9: 3910 | L9: 3960 | M9: 부분개선 | N9: 3767.40 | O9: 7779.58 | P9: 106.50 | Q9: 6945.89 | R9: 84.37 | S9: -1120 | T9: -1110 | U9: 개선 | V9: 조정제외(낙동강본류)
A10: 낙동강 | B10: 낙동강 | C10: 밀양시(삼랑진교) | D10: 불가 | E10: 본류(보운영) | F10: 8791.78 | G10: 19819.79 | H10: 125.44 | I10: 17073.09 | J10: 94.19 | K10: 2350 | L10: 2340 | M10: 개선 | N10: 5976.70 | O10: 13951.47 | P10: 133.43 | Q10: 11927.53 | R10: 99.57 | S10: -1100 | T10: -1090 | U10: 개선 | V10: 조정제외(낙동강본류)
A11: 낙동강 | B11: 낙동강 | C11: 봉화군(분천교) | D11: 개선 | F11: 953.21 | G11: 1541.97 | H11: 61.77 | I11: 1118.51 | J11: 17.34 | K11: -320 | L11: -290 | M11: 개선 | N11: 448.13 | O11: 742.58 | P11: 65.71 | Q11: 457.47 | R11: 2.08 | S11: -250 | T11: -210 | U11: 개선 | V11: 2023, 2024 모두 개선
A12: 낙동강 | B12: 낙동강 | C12: 부산시(구포대교) | D12: 불가 | E12: 조석 | F12: 8684.15 | G12: 20731.42 | H12: 138.73 | I12: 17956.73 | J12: 106.78 | K12: 2780 | L12: 2770 | M12: 개선 | N12: 7244.71 | O12: 15745.42 | P12: 117.34 | Q12: 13715.59 | R12: 89.32 | S12: -940 | T12: -930 | U12: 개선 | V12: 조정제외(조석영향)
A13: 낙동강 | B13: 낙동강 | C13: 예천군(구담교) | D13: 불가 | E13: 수위-유량 곡선 | F13: 3471.54 | G13: 3019.53 | H13: -13.02 | I13: 2713.49 | J13: -21.84 | K13: 3560 | L13: 3580 | M13: 불가 | N13: 1494.29 | O13: 1587.98 | P13: 6.27 | Q13: 1368.59 | R13: -8.41 | S13: -740 | T13: -680 | U13: 부분개선 | V13: 2023년: 불가, 2024년: 부분개선
A14: 낙동강 | B14: 낙동강 | C14: 예천군(상풍교) | D14: 불가 | E14: 댐운영 | F14: 7887.18 | G14: 8818.24 | H14: 11.80 | I14: 8125.72 | J14: 3.02 | K14: -280 | L14: -270 | M14: 개선 | N14: 2130.66 | O14: 3449.89 | P14: 61.92 | Q14: 2939.62 | R14: 37.97 | S14: -920 | T14: -870 | U14: 개선 | V14: 2023, 2024 모두 개선
A15: 낙동강 | B15: 낙동강 | C15: 의성군(낙단교) | D15: 불가 | E15: 본류(보운영) | F15: 7836.36 | G15: 9613.39 | H15: 22.68 | I15: 8897.37 | J15: 13.54 | K15: -480 | L15: -460 | M15: 개선 | N15: 3272.73 | O15: 5093.54 | P15: 55.64 | Q15: 4473.67 | R15: 36.70 | S15: -1060 | T15: -1040 | U15: 개선 | V15: 조정제외(낙동강본류)
A16: 낙동강 | B16: 낙동강 | C16: 칠곡군(호국의다리) | D16: 불가 | E16: 본류(보운영) | F16: 8154.59 | G16: 9881.17 | H16: 21.17 | I16: 9166.36 | J16: 12.41 | K16: -920 | L16: -910 | M16: 개선 | N16: 2578.70 | O16: 6152.50 | P16: 138.59 | Q16: 5473.97 | R16: 112.28 | S16: -260 | T16: -240 | U16: 개선 | V16: 조정제외(낙동강본류)
A17: 낙동강 | B17: 낙동강 | C17: 함안군(계내리) | D17: 불가 | E17: 본류(보운영) | F17: 7401.19 | G17: 17401.06 | H17: 135.11 | I17: 15022.02 | J17: 102.97 | K17: 3200 | L17: 3220 | M17: 부분개선 | N17: 5072.42 | O17: 11217.18 | P17: 121.14 | Q17: 9500.16 | R17: 87.29 | S17: -1260 | T17: -1250 | U17: 개선 | V17: 조정제외(낙동강본류)
A18: 낙동강 | B18: 낙동강 | C18: 합천군(적포교) | D18: 불가 | E18: 본류(보운영) | F18: 8244.56 | G18: 14999.14 | H18: 81.93 | I18: 12920.78 | J18: 56.72 | K18: 3610 | L18: 3620 | M18: 부분개선 | N18: 4563.87 | O18: 8647.73 | P18: 89.48 | Q18: 7615.15 | R18: 66.86 | S18: -1280 | T18: -1270 | U18: 개선 | V18: 조정제외(낙동강본류)
A19: 낙동강 | B19: 남강 | C19: 산청군(경호교) | D19: 불가 | E19: 수위-유량 곡선 | F19: 2316.51 | G19: 2011.40 | H19: -13.17 | I19: 1949.99 | J19: -15.82 | K19: -150 | L19: -130 | M19: 부분개선 | N19: 701.22 | O19: 737.60 | P19: 5.19 | Q19: 741.96 | R19: 5.81 | S19: -400 | T19: -400 | U19: 불가 | V19: 2023년: 부분개선, 2024년: 불가
A20: 낙동강 | B20: 남강 | C20: 의령군(정암교) | D20: 개선 | F20: 1337.33 | G20: 1907.98 | H20: 42.67 | I20: 1408.29 | J20: 5.31 | K20: -500 | L20: -500 | M20: 부분개선 | N20: 1387.55 | O20: 2565.36 | P20: 84.88 | Q20: 1713.74 | R20: 23.51 | S20: -430 | T20: -420 | U20: 개선 | V20: 한 연도 개선, 한 연도 부분개선
A21: 낙동강 | B21: 남강 | C21: 함양군(안의교) | D21: 불가 | E21: 수위-유량 곡선 | F21: 45.44 | G21: 296.12 | H21: 551.67 | I21: 296.12 | J21: 551.67 | K21: 11690 | L21: 11690 | M21: 변화없음 | N21: 0.00 | O21: 235.53 | Q21: 235.53 | S21: 22400 | T21: 22400 | U21: 불가 | V21: 2023년: 변화없음, 2024년: 불가
A22: 낙동강 | B22: 내성천 | C22: 봉화군(봉화대교) | D22: 불가 | E22: 수위-유량 곡선 | F22: 851.51 | G22: 548.63 | H22: -35.57 | I22: 525.66 | J22: -38.27 | K22: -70 | L22: -70 | M22: 불가 | N22: 60.08 | O22: 123.00 | P22: 104.73 | Q22: 113.75 | R22: 89.33 | S22: -30 | T22: -20 | U22: 개선 | V22: 2023년: 불가, 2024년: 개선
A23: 낙동강 | B23: 내성천 | C23: 예천군(회룡교) | D23: 개선 | F23: 3016.21 | G23: 3598.49 | H23: 19.31 | I23: 3015.01 | J23: -0.04 | K23: -210 | L23: -190 | M23: 개선 | N23: 388.09 | O23: 708.05 | P23: 82.44 | Q23: 499.52 | R23: 28.71 | S23: -840 | T23: -560 | U23: 개선 | V23: 2023, 2024 모두 개선
A24: 낙동강 | B24: 단장천 | C24: 밀양시(금곡리) | D24: 개선 | F24: 255.34 | G24: 535.41 | H24: 109.69 | I24: 214.44 | J24: -16.02 | K24: -2680 | L24: -60 | M24: 개선 | N24: 200.12 | O24: 490.55 | P24: 145.13 | Q24: 215.48 | R24: 7.68 | S24: -150 | T24: -30 | U24: 개선 | V24: 2023, 2024 모두 개선
A25: 낙동강 | B25: 동창천 | C25: 청도군(매전교) | D25: 불가 | E25: 수위-유량 곡선 | F25: 1309.23 | G25: 134.90 | H25: -89.70 | I25: 165.30 | J25: -87.37 | K25: -160 | L25: -170 | M25: 부분개선 | N25: 1212.63 | O25: 106.27 | P25: -91.24 | Q25: 117.72 | R25: -90.29 | S25: -160 | T25: -140 | U25: 개선 | V25: 한 연도 개선, 한 연도 부분개선
A26: 낙동강 | B26: 미천 | C26: 안동시(운산리) | D26: 부분개선 | F26: 654.42 | G26: 283.00 | H26: -56.76 | I26: 175.58 | J26: -73.17 | K26: -20 | L26: 80 | M26: 불가 | N26: 209.48 | O26: 320.85 | P26: 53.16 | Q26: 235.29 | R26: 12.32 | S26: 40 | T26: 80 | U26: 부분개선 | V26: 2023년: 불가, 2024년: 부분개선
A27: 낙동강 | B27: 밀양강 | C27: 밀양시(용평동) | D27: 개선 | F27: 1202.80 | G27: 1386.87 | H27: 15.30 | I27: 937.54 | J27: -22.05 | K27: 140 | L27: 0 | M27: 부분개선 | N27: 535.41 | O27: 1050.99 | P27: 96.30 | Q27: 608.34 | R27: 13.62 | S27: -130 | T27: -50 | U27: 개선 | V27: 한 연도 개선, 한 연도 부분개선
A28: 낙동강 | B28: 반변천 | C28: 영양군(청암교) | D28: 개선 | F28: 920.75 | G28: 1226.01 | H28: 33.15 | I28: 962.49 | J28: 4.53 | K28: -30 | L28: 80 | M28: 부분개선 | N28: 278.72 | O28: 348.12 | P28: 24.90 | Q28: 294.48 | R28: 5.65 | S28: -150 | T28: -30 | U28: 개선 | V28: 한 연도 개선, 한 연도 부분개선
A29: 낙동강 | B29: 병성천 | C29: 상주시(화계교) | D29: 부분개선 | F29: 207.23 | G29: 166.95 | H29: -19.44 | I29: 146.44 | J29: -29.33 | K29: 50 | L29: 60 | M29: 불가 | N29: 144.94 | O29: 176.52 | P29: 21.79 | Q29: 159.09 | R29: 9.76 | S29: 130 | T29: 130 | U29: 부분개선 | V29: 2023년: 불가, 2024년: 부분개선
A30: 낙동강 | B30: 북천 | C30: 상주시(후천교) | D30: 개선 | F30: 350.67 | G30: 228.44 | H30: -34.86 | I30: 239.01 | J30: -31.84 | K30: 150 | L30: -50 | M30: 개선 | N30: 167.93 | O30: 149.99 | P30: -10.68 | Q30: 162.39 | R30: -3.30 | S30: -10 | T30: -10 | U30: 부분개선 | V30: 한 연도 개선, 한 연도 부분개선
A31: 낙동강 | B31: 서천 | C31: 영주시(월호교) | D31: 개선 | F31: 1201.89 | G31: 1393.41 | H31: 15.93 | I31: 1384.93 | J31: 15.23 | K31: -10 | L31: 0 | M31: 개선 | N31: 327.89 | O31: 290.88 | P31: -11.29 | Q31: 290.55 | R31: -11.39 | S31: -80 | T31: -70 | U31: 부분개선 | V31: 한 연도 개선, 한 연도 부분개선
A32: 낙동강 | B32: 신천 | C32: 대구시(성북교) | D32: 불가 | E32: 이상치/결측치 | F32: 349.28 | G32: 542.10 | H32: 55.20 | I32: 542.10 | J32: 55.20 | K32: -100 | L32: -100 | M32: 변화없음 | N32: 181.13 | O32: 208.95 | P32: 15.36 | Q32: 208.95 | R32: 15.36 | S32: 16380 | T32: 16380 | U32: 변화없음 | V32: 2023, 2024 모두 변화없음 (매개변수 조정 불필요)
A33: 낙동강 | B33: 쌍계천 | C33: 의성군(덕은교) | D33: 개선 | F33: 489.46 | G33: 319.63 | H33: -34.70 | I33: 431.81 | J33: -11.78 | K33: -40 | L33: -50 | M33: 부분개선 | N33: 459.97 | O33: 233.58 | P33: -49.22 | Q33: 382.30 | R33: -16.89 | S33: 260 | T33: -70 | U33: 개선 | V33: 한 연도 개선, 한 연도 부분개선
A34: 낙동강 | B34: 안림천 | C34: 고령군(귀원교) | D34: 개선 | F34: 815.22 | G34: 915.66 | H34: 12.32 | I34: 722.89 | J34: -11.33 | K34: -20 | L34: -10 | M34: 개선 | N34: 111.04 | O34: 161.50 | P34: 45.44 | Q34: 137.84 | R34: 24.14 | S34: -180 | T34: -180 | U34: 부분개선 | V34: 한 연도 개선, 한 연도 부분개선
A35: 낙동강 | B35: 양산천 | C35: 양산시(양산교) | D35: 개선 | F35: 341.66 | G35: 688.93 | H35: 101.64 | I35: 584.08 | J35: 70.95 | K35: -230 | L35: -220 | M35: 개선 | N35: 642.99 | O35: 723.83 | P35: 12.57 | Q35: 676.53 | R35: 5.22 | S35: -60 | T35: -20 | U35: 개선 | V35: 2023, 2024 모두 개선
A36: 낙동강 | B36: 영강 | C36: 문경시(김용리) | D36: 개선 | F36: 2349.37 | G36: 2378.18 | H36: 1.23 | I36: 2386.92 | J36: 1.60 | K36: -40 | L36: -40 | M36: 불가 | N36: 632.82 | O36: 626.06 | P36: -1.07 | Q36: 630.59 | R36: -0.35 | S36: -260 | T36: -250 | U36: 개선 | V36: 2023년: 불가, 2024년: 개선
A37: 낙동강 | B37: 영천강 | C37: 진주시(옥산교) | D37: 개선 | F37: 506.66 | G37: 390.44 | H37: -22.94 | I37: 570.49 | J37: 12.60 | K37: -30 | L37: -40 | M37: 부분개선 | N37: 1032.16 | O37: 735.76 | P37: -28.72 | Q37: 927.94 | R37: -10.10 | S37: -30 | T37: -40 | U37: 부분개선 | V37: 2023, 2024 모두 부분개선
A38: 낙동강 | B38: 오목천 | C38: 경산시(압량교) | D38: 개선 | F38: 253.49 | G38: 147.57 | H38: -41.78 | I38: 147.65 | J38: -41.75 | K38: -40 | L38: 0 | M38: 개선 | N38: 89.89 | O38: 89.71 | P38: -0.20 | Q38: 89.75 | R38: -0.16 | S38: -50 | T38: -20 | U38: 개선 | V38: 2023, 2024 모두 개선
A39: 낙동강 | B39: 위천 | C39: 군위군(무성리) | D39: 변화없음 | F39: 696.22 | G39: 768.04 | H39: 10.32 | I39: 768.04 | J39: 10.32 | K39: -30 | L39: -30 | M39: 변화없음 | N39: 517.78 | O39: 484.57 | P39: -6.41 | Q39: 484.57 | R39: -6.41 | S39: 280 | T39: 280 | U39: 변화없음 | V39: 2023, 2024 모두 변화없음 (매개변수 조정 불필요)
A40: 낙동강 | B40: 위천 | C40: 의성군(장송교) | D40: 개선 | F40: 1586.45 | G40: 1847.53 | H40: 16.46 | I40: 1677.00 | J40: 5.71 | K40: -250 | L40: -240 | M40: 개선 | N40: 950.70 | O40: 1167.86 | P40: 22.84 | Q40: 1019.49 | R40: 7.24 | S40: -180 | T40: -170 | U40: 개선 | V40: 2023, 2024 모두 개선
A41: 낙동강 | B41: 의령천 | C41: 의령군(공단교) | D41: 개선 | F41: 231.98 | G41: 267.96 | H41: 15.51 | I41: 191.21 | J41: -17.57 | K41: -40 | L41: -30 | M41: 부분개선 | N41: 166.28 | O41: 226.34 | P41: 36.12 | Q41: 194.38 | R41: 16.90 | S41: -20 | T41: -20 | U41: 부분개선 | V41: 2023, 2024 모두 부분개선
A42: 낙동강 | B42: 이안천 | C42: 상주시(이안교) | D42: 불가 | E42: 수위-유량 곡선 | F42: 546.69 | G42: 465.22 | H42: -14.90 | I42: 410.76 | J42: -24.86 | K42: 500 | L42: 500 | M42: 불가 | N42: 119.81 | O42: 165.29 | P42: 37.96 | Q42: 130.64 | R42: 9.04 | S42: -340 | T42: -220 | U42: 개선 | V42: 2023년: 불가, 2024년: 개선
A43: 낙동강 | B43: 임천 | C43: 함양군(화촌리) | D43: 불가 | E43: 수위-유량 곡선 | F43: 1540.77 | G43: 1284.80 | H43: -16.61 | I43: 1193.97 | J43: -22.51 | K43: -90 | L43: -50 | M43: 부분개선 | N43: 409.82 | O43: 412.01 | P43: 0.53 | Q43: 407.08 | R43: -0.67 | S43: -1720 | T43: -1670 | U43: 부분개선 | V43: 2023, 2024 모두 부분개선
A44: 낙동강 | B44: 자호천 | C44: 영천시(단포교) | D44: 불가 | E44: 댐운영 | F44: 378.10 | G44: 303.53 | H44: -19.72 | I44: 334.60 | J44: -11.50 | K44: 40 | L44: 10 | M44: 개선 | N44: 44.63 | O44: 37.44 | P44: -16.11 | Q44: 41.38 | R44: -7.28 | S44: -420 | T44: -430 | U44: 부분개선 | V44: 한 연도 개선, 한 연도 부분개선
A45: 낙동강 | B45: 조만강 | C45: 김해시(정천교) | D45: 불가 | E45: 수위-유량 곡선 | F45: 99.80 | G45: 91.02 | H45: -8.80 | I45: 75.29 | J45: -24.56 | K45: 0 | L45: 20 | M45: 불가 | N45: 223.69 | O45: 289.56 | P45: 29.45 | Q45: 229.69 | R45: 2.68 | S45: -20 | T45: 0 | U45: 개선 | V45: 2023년: 불가, 2024년: 개선
A46: 낙동강 | B46: 청도천 | C46: 청도군(원리) | D46: 개선 | F46: 599.44 | G46: 590.27 | H46: -1.53 | I46: 535.82 | J46: -10.61 | K46: -90 | L46: 30 | M46: 부분개선 | N46: 192.64 | O46: 214.25 | P46: 11.22 | Q46: 203.99 | R46: 5.89 | S46: -130 | T46: -40 | U46: 개선 | V46: 한 연도 개선, 한 연도 부분개선
A47: 낙동강 | B47: 한천 | C47: 구미시(양포교) | D47: 불가 | E47: 수위-유량 곡선 | M47: 불가 | N47: 197.24 | O47: 153.72 | P47: -22.06 | Q47: 188.72 | R47: -4.32 | S47: -30 | T47: -10 | U47: 개선 | V47: 2023년: 불가, 2024년: 개선
A48: 낙동강 | B48: 한천 | C48: 예천군(신예천교) | D48: 개선 | F48: 437.59 | G48: 827.38 | H48: 89.08 | I48: 629.51 | J48: 43.86 | K48: -20 | L48: 0 | M48: 개선 | N48: 84.60 | O48: 150.50 | P48: 77.90 | Q48: 88.65 | R48: 4.79 | S48: -40 | T48: 360 | U48: 부분개선 | V48: 한 연도 개선, 한 연도 부분개선
A49: 낙동강 | B49: 함안천 | C49: 함안군(서촌리) | D49: 불가 | E49: 수위-유량 곡선 | F49: 443.25 | G49: 176.89 | H49: -60.09 | I49: 185.53 | J49: -58.14 | K49: -3080 | L49: -3080 | M49: 부분개선 | N49: 366.17 | O49: 366.62 | P49: 0.12 | Q49: 383.15 | R49: 4.64 | S49: -620 | T49: -610 | U49: 부분개선 | V49: 2023, 2024 모두 부분개선
A50: 낙동강 | B50: 황강 | C50: 거창군(남하교) | D50: 불가 | E50: 수위-유량 곡선 | F50: 553.83 | G50: 727.51 | H50: 31.36 | I50: 727.51 | J50: 31.36 | K50: 4300 | L50: 4300 | M50: 변화없음 | N50: 563.34 | O50: 590.50 | P50: 4.82 | Q50: 590.50 | R50: 4.82 | S50: -50 | T50: -50 | U50: 변화없음 | V50: 2023, 2024 모두 변화없음 (매개변수 조정 불필요)
A51: 낙동강 | B51: 황강 | C51: 합천군(황강교) | D51: 불가 | E51: 수위-유량 곡선 | F51: 852.35 | G51: 685.80 | H51: -19.54 | I51: 367.60 | J51: -56.87 | K51: 3630 | L51: 3690 | M51: 불가 | N51: 157.37 | O51: 379.47 | P51: 141.13 | Q51: 171.51 | R51: 8.99 | S51: -640 | T51: -500 | U51: 개선 | V51: 2023년: 불가, 2024년: 개선
A52: 낙동강 | B52: 황지천 | C52: 태백시(문화교) | D52: 불가 | E52: 수위-유량 곡선 | F52: 264.52 | G52: 392.12 | H52: 48.24 | I52: 317.23 | J52: 19.93 | K52: -130 | L52: -20 | M52: 개선 | N52: 180.91 | O52: 182.08 | P52: 0.65 | Q52: 141.67 | R52: -21.69 | S52: -120 | T52: -120 | U52: 불가 | V52: 2023년: 개선, 2024년: 불가
A53: 낙동강 | B53: 회천 | C53: 고령군(회천교) | D53: 불가 | E53: 수위-유량 곡선 | F53: 1300.96 | G53: 1052.03 | H53: -19.13 | I53: 516.49 | J53: -60.30 | K53: -70 | L53: -30 | M53: 부분개선 | N53: 208.58 | O53: 343.16 | P53: 64.52 | Q53: 227.62 | R53: 9.13 | S53: -160 | T53: -110 | U53: 개선 | V53: 한 연도 개선, 한 연도 부분개선
A54: 낙동강동해 | B54: 남대천 | C54: 울진군(월변교) | D54: 개선 | F54: 42.06 | G54: 344.32 | H54: 718.64 | I54: 163.21 | J54: 288.04 | K54: -270 | L54: -160 | M54: 개선 | N54: 79.85 | O54: 166.97 | P54: 109.10 | Q54: 80.61 | R54: 0.95 | S54: -180 | T54: 40 | U54: 개선 | V54: 2023, 2024 모두 개선
A55: 낙동강동해 | B55: 냉천 | C55: 포항시(문덕3교) | D55: 불가 | E55: 수위-유량 곡선 | F55: 31.93 | G55: 39.34 | H55: 23.21 | I55: 37.70 | J55: 18.07 | K55: 60 | L55: 80 | M55: 부분개선 | N55: 48.21 | O55: 37.54 | P55: -22.13 | Q55: 36.85 | R55: -23.56 | S55: -70 | T55: -70 | U55: 불가 | V55: 2023년: 부분개선, 2024년: 불가
A56: 낙동강동해 | B56: 영덕오십천 | C56: 영덕군(영덕대교) | D56: 개선 | F56: 536.43 | G56: 774.91 | H56: 44.46 | I56: 330.73 | J56: -38.35 | K56: -200 | L56: 40 | M56: 개선 | N56: 167.33 | O56: 649.25 | P56: 288.01 | Q56: 257.99 | R56: 54.18 | S56: -520 | T56: -140 | U56: 개선 | V56: 2023, 2024 모두 개선
A57: 낙동강동해 | B57: 왕피천 | C57: 울진군(수산교) | D57: 부분개선 | F57: 446.69 | G57: 811.66 | H57: 81.71 | I57: 785.94 | J57: 75.95 | K57: -5420 | L57: -5410 | M57: 개선 | N57: 446.69 | O57: 483.14 | P57: 8.16 | Q57: 464.56 | R57: 4.00 | S57: -650 | T57: -640 | U57: 개선 | V57: 2023, 2024 모두 개선
A58: 태화강 | B58: 동천 | C58: 울산시(병영교) | D58: 개선 | F58: 189.51 | G58: 274.87 | H58: 45.04 | I58: 168.72 | J58: -10.97 | K58: -10 | L58: 30 | M58: 부분개선 | N58: 95.18 | O58: 159.84 | P58: 67.93 | Q58: 110.46 | R58: 16.05 | S58: -20 | T58: -10 | U58: 개선 | V58: 한 연도 개선, 한 연도 부분개선
A59: 태화강 | B59: 태화강 | C59: 울산시(사연교) | D59: 개선 | F59: 371.29 | G59: 416.20 | H59: 12.10 | I59: 392.73 | J59: 5.77 | K59: -60 | L59: -40 | M59: 개선 | N59: 331.84 | O59: 360.82 | P59: 8.73 | Q59: 356.26 | R59: 7.36 | S59: -10 | T59: 10 | U59: 부분개선 | V59: 한 연도 개선, 한 연도 부분개선
A60: 태화강 | B60: 태화강 | C60: 울산시(태화교) | D60: 불가 | E60: 조석 | F60: 429.21 | G60: 710.47 | H60: 65.53 | I60: 680.08 | J60: 58.45 | K60: -110 | L60: -100 | M60: 개선 | N60: 392.67 | O60: 562.25 | P60: 43.19 | Q60: 550.05 | R60: 40.08 | S60: -200 | T60: -100 | U60: 개선 | V60: 조정제외(조석영향)
A61: 형산강 | B61: 기계천 | C61: 경주시(달성교) | D61: 불가 | E61: 수위-유량 곡선 | F61: 126.23 | G61: 111.53 | H61: -11.65 | I61: 29.36 | J61: -76.74 | K61: -110 | L61: 40 | M61: 부분개선 | N61: 32.87 | O61: 117.49 | P61: 257.44 | Q61: 35.45 | R61: 7.85 | S61: -110 | T61: -40 | U61: 개선 | V61: 한 연도 개선, 한 연도 부분개선
A62: 형산강 | B62: 형산강 | C62: 경주시(강동대교) | D62: 개선 | F62: 526.43 | G62: 664.33 | H62: 26.20 | I62: 402.59 | J62: -23.52 | K62: -210 | L62: -140 | M62: 개선 | N62: 406.17 | O62: 741.07 | P62: 82.45 | Q62: 446.64 | R62: 9.96 | S62: -230 | T62: -160 | U62: 개선 | V62: 2023, 2024 모두 개선
A63: 형산강 | B63: 형산강 | C63: 경주시(서천교) | D63: 부분개선 | F63: 374.77 | G63: 310.07 | H63: -17.26 | I63: 241.65 | J63: -35.52 | K63: -80 | L63: -30 | M63: 부분개선 | N63: 242.91 | O63: 337.41 | P63: 38.90 | Q63: 266.47 | R63: 9.70 | S63: -140 | T63: -20 | U63: 개선 | V63: 한 연도 개선, 한 연도 부분개선
A64: 형산강 | B64: 형산강 | C64: 포항시(형산교) | D64: 불가 | E64: 조석 | F64: 708.63 | G64: 787.22 | H64: 11.09 | I64: 515.21 | J64: -27.29 | K64: -320 | L64: -270 | M64: 부분개선 | N64: 1172.97 | O64: 878.89 | P64: -25.07 | Q64: 581.74 | R64: -50.40 | S64: 100 | T64: 150 | U64: 불가 | V64: 조정제외(조석영향)
A65: 회야수영강 | B65: 수영강 | C65: 부산시(원동교) | D65: 불가 | E65: 조석 | F65: 587.65 | G65: 293.97 | H65: -49.98 | I65: 293.97 | J65: -49.98 | K65: 0 | L65: 0 | M65: 변화없음 | N65: 626.04 | O65: 472.02 | P65: -24.60 | Q65: 472.02 | R65: -24.60 | S65: 370 | T65: 370 | U65: 변화없음 | V65: 조정제외(조석영향)
A66: 회야수영강 | B66: 회야강 | C66: 울산시(덕신교) | D66: 불가 | E66: 수위-유량 곡선 | M66: 불가 | N66: 322.34 | O66: 471.25 | P66: 46.20 | Q66: 384.09 | R66: 19.16 | S66: -370 | T66: -130 | U66: 개선 | V66: 2023년: 불가, 2024년: 개선
H68: 5.49 | I68: 233.24 | J68: -39.19 | K68: -90 | L68: -60
H69: 54.87 | I69: 1146.41 | J69: 53.23 | K69: -140 | L69: -110
H70: -10.24 | I70: 1197.42 | J70: -25.57 | K70: -280 | L70: -280
H71: -22.06 | I71: 826.52 | J71: -30.23 | K71: -40 | L71: -50
H72: -30.63 | I72: 340.30 | J72: -43.63 | K72: 120 | L72: -50
H73: 45.02 | I73: 734.45 | J73: 0.30 | K73: -170 | L73: 60
H74: 33.51 | I74: 10729.75 | J74: 20.47 | K74: 3910 | L74: 3960
H75: 125.44 | I75: 17073.09 | J75: 94.19 | K75: 2350 | L75: 2340
H76: 61.77 | I76: 1118.51 | J76: 17.34 | K76: -320 | L76: -290
H77: 138.73 | I77: 17956.73 | J77: 106.78 | K77: 2780 | L77: 2770
H78: -13.02 | I78: 2713.49 | J78: -21.84 | K78: 3560 | L78: 3580
H79: 11.80 | I79: 8125.72 | J79: 3.02 | K79: -280 | L79: -270
... H129: -49.98 | I129: 293.97 | J129: -49.98 | K129: 0 | L129: 0

Sheet Sheet1
B2: Basin | C2: River | D2: Station | E2: 2023 | I2: 2024 | M2: Classification | N2: Note
E3: Peak error (%) | G3: Time error (min) | I3: Peak error (%) | K3: Time error (min)
E4: Before | F4: After | G4: Before | H4: After | I4: Before | J4: After | K4: Before | L4: After
B5: Nakdong | C5: Gamcheon | D5: Gimcheon-si (Gimcheon Bridge) | E5: 5.49 | F5: -39.19 | G5: -90 | H5: -60 | I5: 121.78 | J5: 9.24 | K5: -220 | L5: -160 | M5: Partially improved
B6: Nakdong | C6: Geumcheon | D6: Yecheon-gun (Sanyang Bridge) | E6: 54.87 | F6: 53.23 | G6: -140 | H6: -110 | I6: -3.86 | J6: -4.15 | K6: -70 | L6: -30 | M6: Improved
B7: Nakdong | C7: Geumho River | D7: Daegu (Sinam-dong) | E7: -10.24 | F7: -25.57 | G7: -280 | H7: -280 | I7: 441.26 | J7: 295.51 | K7: 210 | L7: 270 | M7: Not applicable | N7: Outlier/Missing data
B8: Nakdong | C8: Geumho River | D8: Yeongcheon-si (Geumchang Bridge) | E8: -22.06 | F8: -30.23 | G8: -40 | H8: -50 | I8: -2.13 | J8: -6.64 | K8: -580 | L8: -590 | M8: Not applicable | N8: Rating curve
B9: Nakdong | C9: Geumho River | D9: Yeongcheon-si (Yeongdong Bridge) | E9: -30.63 | F9: -43.63 | G9: 120 | H9: -50 | I9: 939.48 | J9: 395.84 | K9: 14570 | L9: 14140 | M9: Not applicable | N9: Weir operation
B10: Nakdong | C10: Gilan Stream | D10: Andong-si (Mukgye Bridge) | E10: 45.02 | F10: 0.3 | G10: -170 | H10: 60 | I10: 38.11 | J10: 3.5 | K10: -80 | L10: -40 | M10: Improved
B11: Nakdong | C11: Nakdong River | D11: Daegu (Seonghari) | E11: 33.51 | F11: 20.47 | G11: 3910 | H11: 3960 | I11: 106.5 | J11: 84.37 | K11: -1120 | L11: -1110 | M11: Not applicable | N11: Main stem (weir operation)
B12: Nakdong | C12: Nakdong River | D12: Miryang-si (Samrangjin Bridge) | E12: 125.44 | F12: 94.19 | G12: 2350 | H12: 2340 | I12: 133.43 | J12: 99.57 | K12: -1100 | L12: -1090 | M12: Not applicable | N12: Main stem (weir operation)
B13: Nakdong | C13: Nakdong River | D13: Bonghwa-gun (Buncheon Bridge) | E13: 61.77 | F13: 17.34 | G13: -320 | H13: -290 | I13: 65.71 | J13: 2.08 | K13: -250 | L13: -210 | M13: Improved
B14: Nakdong | C14: Nakdong River | D14: Busan (Gupo Bridge) | E14: 138.73 | F14: 106.78 | G14: 2780 | H14: 2770 | I14: 117.34 | J14: 89.32 | K14: -940 | L14: -930 | M14: Not applicable | N14: Tidal influence
B15: Nakdong | C15: Nakdong River | D15: Yecheon-gun (Gudam Bridge) | E15: -13.02 | F15: -21.84 | G15: 3560 | H15: 3580 | I15: 6.27 | J15: -8.41 | K15: -740 | L15: -680 | M15: Not applicable | N15: Rating curve
B16: Nakdong | C16: Nakdong River | D16: Yecheon-gun (Sangpung Bridge) | E16: 11.8 | F16: 3.02 | G16: -280 | H16: -270 | I16: 61.92 | J16: 37.97 | K16: -920 | L16: -870 | M16: Not applicable | N16: Dam operation
B17: Nakdong | C17: Nakdong River | D17: Uiseong-gun (Nakdan Bridge) | E17: 22.68 | F17: 13.54 | G17: -480 | H17: -460 | I17: 55.64 | J17: 36.7 | K17: -1060 | L17: -1040 | M17: Not applicable | N17: Main stem (weir operation)
B18: Nakdong | C18: Nakdong River | D18: Chilgok-gun (Hogukui Bridge) | E18: 21.17 | F18: 12.41 | G18: -920 | H18: -910 | I18: 138.59 | J18: 112.28 | K18: -260 | L18: -240 | M18: Not applicable | N18: Main stem (weir operation)
B19: Nakdong | C19: Nakdong River | D19: Haman-gun (Gyennaeri) | E19: 135.11 | F19: 102.97 | G19: 3200 | H19: 3220 | I19: 121.14 | J19: 87.29 | K19: -1260 | L19: -1250 | M19: Not applicable | N19: Main stem (weir operation)
B20: Nakdong | C20: Nakdong River | D20: Hapcheon-gun (Jeokpo Bridge) | E20: 81.93 | F20: 56.72 | G20: 3610 | H20: 3620 | I20: 89.48 | J20: 66.86 | K20: -1280 | L20: -1270 | M20: Not applicable | N20: Main stem (weir operation)
B21: Nakdong | C21: Nam River | D21: Sancheong-gun (Gyeongho Bridge) | E21: -13.17 | F21: -15.82 | G21: -150 | H21: -130 | I21: 5.19 | J21: 5.81 | K21: -400 | L21: -400 | M21: Not applicable | N21: Rating curve
B22: Nakdong | C22: Nam River | D22: Uiryeong-gun (Jeongam Bridge) | E22: 42.67 | F22: 5.31 | G22: -500 | H22: -500 | I22: 84.88 | J22: 23.51 | K22: -430 | L22: -420 | M22: Improved
B23: Nakdong | C23: Nam River | D23: Hamyang-gun (Anui Bridge) | E23: 551.67 | F23: 551.67 | G23: 11690 | H23: 11690 | K23: 22400 | L23: 22400 | M23: Not applicable | N23: Rating curve
B24: Nakdong | C24: Naeseong Stream | D24: Bonghwa-gun (Bonghwa Bridge) | E24: -35.57 | F24: -38.27 | G24: -70 | H24: -70 | I24: 104.73 | J24: 89.33 | K24: -30 | L24: -20 | M24: Not applicable | N24: Rating curve
B25: Nakdong | C25: Naeseong Stream | D25: Yecheon-gun (Hoeryong Bridge) | E25: 19.31 | F25: -0.04 | G25: -210 | H25: -190 | I25: 82.44 | J25: 28.71 | K25: -840 | L25: -560 | M25: Improved
B26: Nakdong | C26: Danjang Stream | D26: Miryang-si (Geumgok-ri) | E26: 109.69 | F26: -16.02 | G26: -2680 | H26: -60 | I26: 145.13 | J26: 7.68 | K26: -150 | L26: -30 | M26: Improved
B27: Nakdong | C27: Dongchang Stream | D27: Cheongdo-gun (Maejeon Bridge) | E27: -89.7 | F27: -87.37 | G27: -160 | H27: -170 | I27: -91.24 | J27: -90.29 | K27: -160 | L27: -140 | M27: Not applicable | N27: Rating curve
B28: Nakdong | C28: Micheon Stream | D28: Andong-si (Unsan-ri) | E28: -56.76 | F28: -73.17 | G28: -20 | H28: 80 | I28: 53.16 | J28: 12.32 | K28: 40 | L28: 80 | M28: Partially improved
B29: Nakdong | C29: Miryang River | D29: Miryang-si (Yongpyeong-dong) | E29: 15.3 | F29: -22.05 | G29: 140 | H29: 0 | I29: 96.3 | J29: 13.62 | K29: -130 | L29: -50 | M29: Improved
B30: Nakdong | C30: Banbyeon Stream | D30: Yeongyang-gun (Cheongam Bridge) | E30: 33.15 | F30: 4.53 | G30: -30 | H30: 80 | I30: 24.9 | J30: 5.65 | K30: -150 | L30: -30 | M30: Improved
B31: Nakdong | C31: Byeongseong Stream | D31: Sangju-si (Hwagye Bridge) | E31: -19.44 | F31: -29.33 | G31: 50 | H31: 60 | I31: 21.79 | J31: 9.76 | K31: 130 | L31: 130 | M31: Partially improved
B32: Nakdong | C32: Buk Stream | D32: Sangju-si (Hucheon Bridge) | E32: -34.86 | F32: -31.84 | G32: 150 | H32: -50 | I32: -10.68 | J32: -3.3 | K32: -10 | L32: -10 | M32: Improved
B33: Nakdong | C33: Seo Stream | D33: Yeongju-si (Wolho Bridge) | E33: 15.93 | F33: 15.23 | G33: -10 | H33: 0 | I33: -11.29 | J33: -11.39 | K33: -80 | L33: -70 | M33: Improved
B34: Nakdong | C34: Sincheon Stream | D34: Daegu (Seongbuk Bridge) | E34: 55.2 | F34: 55.2 | G34: -100 | H34: -100 | I34: 15.36 | J34: 15.36 | K34: 16380 | L34: 16380 | M34: Not applicable | N34: Outlier/Missing data
B35: Nakdong | C35: Ssanggye Stream | D35: Uiseong-gun (Deogeun Bridge) | E35: -34.7 | F35: -11.78 | G35: -40 | H35: -50 | I35: -49.22 | J35: -16.89 | K35: 260 | L35: -70 | M35: Improved
B36: Nakdong | C36: Anrim Stream | D36: Goryeong-gun (Gwiwon Bridge) | E36: 12.32 | F36: -11.33 | G36: -20 | H36: -10 | I36: 45.44 | J36: 24.14 | K36: -180 | L36: -180 | M36: Improved
B37: Nakdong | C37: Yangsan Stream | D37: Yangsan-si (Yangsan Bridge) | E37: 101.64 | F37: 70.95 | G37: -230 | H37: -220 | I37: 12.57 | J37: 5.22 | K37: -60 | L37: -20 | M37: Improved
B38: Nakdong | C38: Yeong Stream | D38: Mungyeong-si (Gimyong-ri) | E38: 1.23 | F38: 1.6 | G38: -40 | H38: -40 | I38: -1.07 | J38: -0.35 | K38: -260 | L38: -250 | M38: Improved
B39: Nakdong | C39: Yeongcheon River | D39: Jinju-si (Oksan Bridge) | E39: -22.94 | F39: 12.6 | G39: -30 | H39: -40 | I39: -28.72 | J39: -10.1 | K39: -30 | L39: -40 | M39: Improved
B40: Nakdong | C40: Omok Stream | D40: Gyeongsan-si (Apryang Bridge) | E40: -41.78 | F40: -41.75 | G40: -40 | H40: 0 | I40: -0.2 | J40: -0.16 | K40: -50 | L40: -20 | M40: Improved
B41: Nakdong | C41: Wicheon Stream | D41: Gunwi-gun (Museong-ri) | E41: 10.32 | F41: 10.32 | G41: -30 | H41: -30 | I41: -6.41 | J41: -6.41 | K41: 280 | L41: 280 | M41: Unchanged
B42: Nakdong | C42: Wicheon Stream | D42: Uiseong-gun (Jangsong Bridge) | E42: 16.46 | F42: 5.71 | G42: -250 | H42: -240 | I42: 22.84 | J42: 7.24 | K42: -180 | L42: -170 | M42: Improved
B43: Nakdong | C43: Uiryeong Stream | D43: Uiryeong-gun (Gongdan Bridge) | E43: 15.51 | F43: -17.57 | G43: -40 | H43: -30 | I43: 36.12 | J43: 16.9 | K43: -20 | L43: -20 | M43: Improved
B44: Nakdong | C44: Ian Stream | D44: Sangju-si (Ian Bridge) | E44: -14.9 | F44: -24.86 | G44: 500 | H44: 500 | I44: 37.96 | J44: 9.04 | K44: -340 | L44: -220 | M44: Not applicable | N44: Rating curve
B45: Nakdong | C45: Imcheon Stream | D45: Hamyang-gun (Hwachon-ri) | E45: -16.61 | F45: -22.51 | G45: -90 | H45: -50 | I45: 0.53 | J45: -0.67 | K45: -1720 | L45: -1670 | M45: Not applicable | N45: Rating curve
B46: Nakdong | C46: Jaho Stream | D46: Yeongcheon-si (Danpo Bridge) | E46: -19.72 | F46: -11.5 | G46: 40 | H46: 10 | I46: -16.11 | J46: -7.28 | K46: -420 | L46: -430 | M46: Not applicable | N46: Dam operation
B47: Nakdong | C47: Joman River | D47: Gimhae-si (Jeongcheon Bridge) | E47: -8.8 | F47: -24.56 | G47: 0 | H47: 20 | I47: 29.45 | J47: 2.68 | K47: -20 | L47: 0 | M47: Not applicable | N47: Rating curve
B48: Nakdong | C48: Cheongdo Stream | D48: Cheongdo-gun (Won-ri) | E48: -1.53 | F48: -10.61 | G48: -90 | H48: 30 | I48: 11.22 | J48: 5.89 | K48: -130 | L48: -40 | M48: Improved
B49: Nakdong | C49: Hancheon Stream | D49: Gumi-si (Yangpo Bridge) | I49: -22.06 | J49: -4.32 | K49: -30 | L49: -10 | M49: Not applicable | N49: Rating curve
B50: Nakdong | C50: Hancheon Stream | D50: Yecheon-gun (Sinyecheon Bridge) | E50: 89.08 | F50: 43.86 | G50: -20 | H50: 0 | I50: 77.9 | J50: 4.79 | K50: -40 | L50: 360 | M50: Improved
B51: Nakdong | C51: Haman Stream | D51: Haman-gun (Seochon-ri) | E51: -60.09 | F51: -58.14 | G51: -3080 | H51: -3080 | I51: 0.12 | J51: 4.64 | K51: -620 | L51: -610 | M51: Not applicable | N51: Rating curve
B52: Nakdong | C52: Hwang River | D52: Geochang-gun (Namha Bridge) | E52: 31.36 | F52: 31.36 | G52: 4300 | H52: 4300 | I52: 4.82 | J52: 4.82 | K52: -50 | L52: -50 | M52: Not applicable | N52: Rating curve
B53: Nakdong | C53: Hwang River | D53: Hapcheon-gun (Hwanggang Bridge) | E53: -19.54 | F53: -56.87 | G53: 3630 | H53: 3690 | I53: 141.13 | J53: 8.99 | K53: -640 | L53: -500 | M53: Not applicable | N53: Rating curve
B54: Nakdong | C54: Hwangji Stream | D54: Taebaek-si (Munhwa Bridge) | E54: 48.24 | F54: 19.93 | G54: -130 | H54: -20 | I54: 0.65 | J54: -21.69 | K54: -120 | L54: -120 | M54: Not applicable | N54: Rating curve
B55: Nakdong | C55: Hoe Stream | D55: Goryeong-gun (Hoecheon Bridge) | E55: -19.13 | F55: -60.3 | G55: -70 | H55: -30 | I55: 64.52 | J55: 9.13 | K55: -160 | L55: -110 | M55: Not applicable | N55: Rating curve
B56: Nakdong-East Coast | C56: Namdae Stream | D56: Uljin-gun (Wolbyeon Bridge) | E56: 718.64 | F56: 288.04 | G56: -270 | H56: -160 | I56: 109.1 | J56: 0.95 | K56: -180 | L56: 40 | M56: Improved
B57: Nakdong-East Coast | C57: Naengcheon Stream | D57: Pohang-si (Mundeok 3 Bridge) | E57: 23.21 | F57: 18.07 | G57: 60 | H57: 80 | I57: -22.13 | J57: -23.56 | K57: -70 | L57: -70 | M57: Not applicable | N57: Rating curve
B58: Nakdong-East Coast | C58: Yeongdeok Osip Stream | D58: Yeongdeok-gun (Yeongdeok Bridge) | E58: 44.46 | F58: -38.35 | G58: -200 | H58: 40 | I58: 288.01 | J58: 54.18 | K58: -520 | L58: -140 | M58: Improved
B59: Nakdong-East Coast | C59: Wangpi Stream | D59: Uljin-gun (Susan Bridge) | E59: 81.71 | F59: 75.95 | G59: -5420 | H59: -5410 | I59: 8.16 | J59: 4 | K59: -650 | L59: -640 | M59: Partially improved
B60: Taehwa | C60: Dongcheon Stream | D60: Ulsan (Byeongyeong Bridge) | E60: 45.04 | F60: -10.97 | G60: -10 | H60: 30 | I60: 67.93 | J60: 16.05 | K60: -20 | L60: -10 | M60: Improved
B61: Taehwa | C61: Taehwa River | D61: Ulsan (Sayeon Bridge) | E61: 12.1 | F61: 5.77 | G61: -60 | H61: -40 | I61: 8.73 | J61: 7.36 | K61: -10 | L61: 10 | M61: Improved
B62: Taehwa | C62: Taehwa River | D62: Ulsan (Taehwa Bridge) | E62: 65.53 | F62: 58.45 | G62: -110 | H62: -100 | I62: 43.19 | J62: 40.08 | K62: -200 | L62: -100 | M62: Not applicable | N62: Tidal influence
B63: Hyeongsan | C63: Gigye Stream | D63: Gyeongju-si (Dalseong Bridge) | E63: -11.65 | F63: -76.74 | G63: -110 | H63: 40 | I63: 257.44 | J63: 7.85 | K63: -110 | L63: -40 | M63: Not applicable | N63: Rating curve
B64: Hyeongsan | C64: Hyeongsan River | D64: Gyeongju-si (Gangdong Bridge) | E64: 26.2 | F64: -23.52 | G64: -210 | H64: -140 | I64: 82.45 | J64: 9.96 | K64: -230 | L64: -160 | M64: Improved
B65: Hyeongsan | C65: Hyeongsan River | D65: Gyeongju-si (Seocheon Bridge) | E65: -17.26 | F65: -35.52 | G65: -80 | H65: -30 | I65: 38.9 | J65: 9.7 | K65: -140 | L65: -20 | M65: Partially improved
B66: Hyeongsan | C66: Hyeongsan River | D66: Pohang-si (Hyeongsan Bridge) | E66: 11.09 | F66: -27.29 | G66: -320 | H66: -270 | I66: -25.07 | J66: -50.4 | K66: 100 | L66: 150 | M66: Not applicable | N66: Tidal influence
B67: Hoeya-Suyeong | C67: Suyeong River | D67: Busan (Wondong Bridge) | E67: -49.98 | F67: -49.98 | G67: 0 | H67: 0 | I67: -24.6 | J67: -24.6 | K67: 370 | L67: 370 | M67: Not applicable | N67: Tidal influence
B68: Hoeya-Suyeong | C68: Hoeya River | D68: Ulsan (Deoksin Bridge) | I68: 46.2 | J68: 19.16 | K68: -370 | L68: -130 | M68: Not applicable | N68: Rating curve

Sheet Sheet3
B2: Year | C2: Metric | D2: Before calibration | E2: After calibration
B3: 2023 | C3: Median peak-flow error (%) | D3: 28.41 | E3: 25.22
B4: 2023 | C4: Median time-to-peak error (min) | D4: 140 | E4: 80
B5: 2024 | C5: Median peak-flow error (%) | D5: 38.9 | E5: 9.76
B6: 2024 | C6: Median time-to-peak error (min) | D6: 205 | E6: 155
